CLIENTE,CC,FECHA,MES,AÑO,CONCEPTO,COSTO S/IVA,IVA,IMPORTE,A FAVOR DE ,CUENTA,SUB CUENTA,TIPO 2,TT,
CHETUMAL,9311-HOSP,16-oct-25,10 2025,2025,PAGO SOCIO,"$50,000.00","$8,000.00","$58,000.00", ASESORES INMOBILIARIOS H CHETUMAL,007 SERVICIOS EXTERNOS ,007-01 Topografia,EGRESO,HOSPITAL,
CHETUMAL,9311-HOSP,03-sep-25,09 2025,2025,GASTO DE PERSONAL,"$2,715.52",$434.48,"$3,150.00",ARTURO GUERRA ZUÑIGA,001 VIAJE,001-03 Viáticos,EGRESO,HOSPITAL,
CHETUMAL,9311-GUARD,03-sep-25,09 2025,2025,GASTO DE PERSONAL,"$2,715.52",$434.48,"$3,150.00",ARTURO GUERRA ZUÑIGA,001 VIAJE,001-03 Viáticos,EGRESO,ESTANCIA,
CHETUMAL,9311-HOSP,04-sep-25,09 2025,2025,GASTO DE PERSONAL,"$2,155.17",$344.83,"$2,500.00",EMMANUEL PACHECO PEREZ,001 VIAJE,001-03 Viáticos,EGRESO,HOSPITAL,
CHETUMAL,9311-GUARD,04-sep-25,09 2025,2025,GASTO DE PERSONAL,"$2,155.17",$344.83,"$2,500.00",EMMANUEL PACHECO PEREZ,001 VIAJE,001-03 Viáticos,EGRESO,ESTANCIA,
CHETUMAL,9311-HOSP,05-sep-25,09 2025,2025,ANALISTA ISSSTE (CONCURSO),"$4,310.34",$689.66,"$5,000.00",ANA ROSA GALVAN,007 SERVICIOS EXTERNOS ,007-04 Consultorias,EGRESO,HOSPITAL,
CHETUMAL,9311-GUARD,05-sep-25,09 2025,2025,ANALISTA ISSSTE (CONCURSO),"$4,310.34",$689.66,"$5,000.00",ANA ROSA GALVAN,007 SERVICIOS EXTERNOS ,007-04 Consultorias,EGRESO,ESTANCIA,
CHETUMAL,9311-HOSP,08-sep-25,09 2025,2025,GASTO DE PERSONAL,"$1,766.75",$282.68,"$2,049.43",EMMANUEL PACHECO PEREZ,001 VIAJE,001-03 Viáticos,EGRESO,HOSPITAL,
CHETUMAL,9311-GUARD,08-sep-25,09 2025,2025,GASTO DE PERSONAL,"$1,766.75",$282.68,"$2,049.43",EMMANUEL PACHECO PEREZ,001 VIAJE,001-03 Viáticos,EGRESO,ESTANCIA,
CHETUMAL,9311-HOSP,12-sep-25,09 2025,2025,GASTO DE PERSONAL,"$4,310.34",$689.66,"$5,000.00",EMMANUEL PACHECO PEREZ,001 VIAJE,001-03 Viáticos,EGRESO,HOSPITAL,
CHETUMAL,9311-GUARD,12-sep-25,09 2025,2025,GASTO DE PERSONAL,"$4,310.34",$689.66,"$5,000.00",EMMANUEL PACHECO PEREZ,001 VIAJE,001-03 Viáticos,EGRESO,ESTANCIA,
CHETUMAL,9311-HOSP,18-sep-25,09 2025,2025,GASTO DE PERSONAL,"$1,465.52",$234.48,"$1,700.00",ARTURO GUERRA ZUÑIGA,001 VIAJE,001-03 Viáticos,EGRESO,HOSPITAL,
CHETUMAL,9311-GUARD,18-sep-25,09 2025,2025,GASTO DE PERSONAL,"$1,465.52",$234.48,"$1,700.00",ARTURO GUERRA ZUÑIGA,001 VIAJE,001-03 Viáticos,EGRESO,ESTANCIA,
CHETUMAL,9311-HOSP,22-sep-25,09 2025,2025,GASTO DE PERSONAL,"$8,965.52","$1,434.48","$10,400.00",ARTURO GUERRA ZUÑIGA,001 VIAJE,001-03 Viáticos,EGRESO,HOSPITAL,
CHETUMAL,9311-GUARD,22-sep-25,09 2025,2025,GASTO DE PERSONAL,"$8,965.52","$1,434.48","$10,400.00",ARTURO GUERRA ZUÑIGA,001 VIAJE,001-03 Viáticos,EGRESO,ESTANCIA,
CHETUMAL,9311-HOSP,22-sep-25,09 2025,2025,GASTO DE PERSONAL,"$8,965.52","$1,434.48","$10,400.00",JESUS LEONARDO VELAZQUEZ ROCHA ,001 VIAJE,001-03 Viáticos,EGRESO,HOSPITAL,
CHETUMAL,9311-GUARD,22-sep-25,09 2025,2025,GASTO DE PERSONAL,"$8,965.52","$1,434.48","$10,400.00",JESUS LEONARDO VELAZQUEZ ROCHA ,001 VIAJE,001-03 Viáticos,EGRESO,ESTANCIA,
CHETUMAL,9311-HOSP,24-sep-25,09 2025,2025,GASTO DE PERSONAL,"$4,827.59",$772.41,"$5,600.00",ARTURO GUERRA ZUÑIGA,001 VIAJE,001-03 Viáticos,EGRESO,HOSPITAL,
CHETUMAL,9311-GUARD,24-sep-25,09 2025,2025,GASTO DE PERSONAL,"$4,827.59",$772.41,"$5,600.00",ARTURO GUERRA ZUÑIGA,001 VIAJE,001-03 Viáticos,EGRESO,ESTANCIA,
CHETUMAL,9311-HOSP,30-sep-25,09 2025,2025,GASTO DE PERSONAL,$646.00,$104.00,$750.00,AARON DE AQUINO (PERSONAL ISSSTE),003 RENTAS,003-07 Equipo Celular,EGRESO,HOSPITAL,
CHETUMAL,9311-HOSP,30-sep-25,09 2025,2025,GASTO DE PERSONAL,$646.00,$104.00,$750.00,AARON DE AQUINO (PERSONAL ISSSTE),003 RENTAS,003-07 Equipo Celular,EGRESO,HOSPITAL,
CHETUMAL,9311-HOSP,30-sep-25,09 2025,2025,GASTO DE PERSONAL,$517.24,$82.76,$600.00,AEROMEXICO EMISION DE BOLETOS,001 VIAJE,001-01 Pasajes de Avion,EGRESO,HOSPITAL,
CHETUMAL,9311-HOSP,30-sep-25,09 2025,2025,GASTO DE PERSONAL,$517.24,$82.76,$600.00,AEROMEXICO EMISION DE BOLETOS,001 VIAJE,001-01 Pasajes de Avion,EGRESO,HOSPITAL,
CHETUMAL,9311-HOSP,30-sep-25,09 2025,2025,GASTO DE PERSONAL,$517.24,$82.76,$600.00,AEROMEXICO EMISION DE BOLETOS (CAMBIO BOLETOS),001 VIAJE,001-01 Pasajes de Avion,EGRESO,HOSPITAL,
CHETUMAL,9311-HOSP,30-sep-25,09 2025,2025,ANALISTA ISSSTE (CONCURSO),"$4,310.34",$689.66,"$5,000.00",ANA ROSA GALVAN,007 SERVICIOS EXTERNOS ,007-04 Consultorias,EGRESO,HOSPITAL,
CHETUMAL,9311-HOSP,30-sep-25,09 2025,2025,GASTO DE PERSONAL,"$9,358.58",,"$9,358.58",ARTURO GUERRA ZUÑIGA,002 NOMINA,002-02 DDP,EGRESO,HOSPITAL,
CHETUMAL,9311-HOSP,30-sep-25,09 2025,2025,GASTO DE PERSONAL,"$23,911.20","$3,825.79","$27,736.99",ARTURO GUERRA ZUÑIGA,002 NOMINA,002-01 Asimilados,EGRESO,HOSPITAL,
CHETUMAL,9311-HOSP,30-sep-25,09 2025,2025,GASTO DE PERSONAL,$646.00,$104.00,$750.00,ARTURO GUERRA ZUÑIGA,003 RENTAS,003-07 Equipo Celular,EGRESO,HOSPITAL,
CHETUMAL,9311-HOSP,30-sep-25,09 2025,2025,GASTO DE PERSONAL,"$1,294.00",$206.00,"$1,500.00",ARTURO GUERRA ZUÑIGA,003 RENTAS,003-09 Equipo de Computo,EGRESO,HOSPITAL,
CHETUMAL,9311-GUARD,30-sep-25,09 2025,2025,GASTO DE PERSONAL,"$1,663.04",,"$1,663.04",ARTURO GUERRA ZUÑIGA,002 NOMINA,002-02 DDP,EGRESO,ESTANCIA,
CHETUMAL,9311-GUARD,30-sep-25,09 2025,2025,GASTO DE PERSONAL,"$5,248.80",$839.81,"$6,088.61",ARTURO GUERRA ZUÑIGA,002 NOMINA,002-01 Asimilados,EGRESO,ESTANCIA,
CHETUMAL,9311-HOSP,30-sep-25,09 2025,2025,TRANSPORTE,"$3,522.67",$563.63,"$4,086.30",CAVI (IAVE),006 AUTOS,006-2 Peajes,EGRESO,HOSPITAL,
CHETUMAL,9311-HOSP,30-sep-25,09 2025,2025,GASTO DE PERSONAL,$646.00,$104.00,$750.00,EDGAR JIMENEZ (PERSONA ISSSTE),003 RENTAS,003-07 Equipo Celular,EGRESO,HOSPITAL,
CHETUMAL,9311-HOSP,30-sep-25,09 2025,2025,TRANSPORTE,"$4,133.77",$661.40,"$4,795.17",EFECTIVALE,006 AUTOS,006-01 Combustible,EGRESO,HOSPITAL,
CHETUMAL,9311-HOSP,30-sep-25,09 2025,2025,GASTO DE PERSONAL,"$9,358.58",,"$9,358.58",EMMANUEL PACHECO PEREZ,002 NOMINA,002-02 DDP,EGRESO,HOSPITAL,
CHETUMAL,9311-HOSP,30-sep-25,09 2025,2025,GASTO DE PERSONAL,"$10,169.64","$1,627.14","$11,796.78",EMMANUEL PACHECO PEREZ,002 NOMINA,002-01 Asimilados,EGRESO,HOSPITAL,
CHETUMAL,9311-HOSP,30-sep-25,09 2025,2025,GASTO DE PERSONAL,$646.00,$104.00,$750.00,EMMANUEL PACHECO PEREZ,003 RENTAS,003-07 Equipo Celular,EGRESO,HOSPITAL,
CHETUMAL,9311-HOSP,30-sep-25,09 2025,2025,GASTO DE PERSONAL,"$1,294.00",$206.00,"$1,500.00",EMMANUEL PACHECO PEREZ,003 RENTAS,003-09 Equipo de Computo,EGRESO,HOSPITAL,
CHETUMAL,9311-GUARD,30-sep-25,09 2025,2025,GASTO DE PERSONAL,"$1,663.04",,"$1,663.04",EMMANUEL PACHECO PEREZ,002 NOMINA,002-02 DDP,EGRESO,ESTANCIA,
CHETUMAL,9311-GUARD,30-sep-25,09 2025,2025,GASTO DE PERSONAL,"$2,232.36",$357.18,"$2,589.54",EMMANUEL PACHECO PEREZ,002 NOMINA,002-01 Asimilados,EGRESO,ESTANCIA,
CHETUMAL,9311-HOSP,30-sep-25,09 2025,2025,INGRESO,"$710,068.97","$113,611.04","$823,680.01",FACTURA A0781 ANTICIPO ,006 INGRESO,006-01 Pago fac sup,INGRESO,HOSPITAL,
CHETUMAL,9311-HOSP,30-sep-25,09 2025,2025,GASTO DE PERSONAL,"$7,920.16","$1,267.22","$9,187.38",HOTEL CITI EXPRESS  PERSONAL ISSSTE,001 VIAJE,001-02 Hospedaje,EGRESO,HOSPITAL,
CHETUMAL,9311-HOSP,30-sep-25,09 2025,2025,GASTO DE PERSONAL,"$9,358.58",,"$9,358.58",JESUS LEONARDO VELAZQUEZ ROCHA ,002 NOMINA,002-02 DDP,EGRESO,HOSPITAL,
CHETUMAL,9311-HOSP,30-sep-25,09 2025,2025,GASTO DE PERSONAL,"$12,168.80","$1,947.01","$14,115.81",JESUS LEONARDO VELAZQUEZ ROCHA ,002 NOMINA,002-01 Asimilados,EGRESO,HOSPITAL,
CHETUMAL,9311-HOSP,30-sep-25,09 2025,2025,GASTO DE PERSONAL,$646.00,$104.00,$750.00,JESUS LEONARDO VELAZQUEZ ROCHA ,003 RENTAS,003-07 Equipo Celular,EGRESO,HOSPITAL,
CHETUMAL,9311-HOSP,30-sep-25,09 2025,2025,GASTO DE PERSONAL,"$1,294.00",$206.00,"$1,500.00",JESUS LEONARDO VELAZQUEZ ROCHA ,003 RENTAS,003-09 Equipo de Computo,EGRESO,HOSPITAL,
CHETUMAL,9311-GUARD,30-sep-25,09 2025,2025,GASTO DE PERSONAL,"$1,663.04",,"$1,663.04",JESUS LEONARDO VELAZQUEZ ROCHA ,002 NOMINA,002-02 DDP,EGRESO,ESTANCIA,
CHETUMAL,9311-GUARD,30-sep-25,09 2025,2025,GASTO DE PERSONAL,"$2,671.20",$427.39,"$3,098.59",JESUS LEONARDO VELAZQUEZ ROCHA ,002 NOMINA,002-01 Asimilados,EGRESO,ESTANCIA,
CHETUMAL,9311-HOSP,30-sep-25,09 2025,2025,GASTO DE PERSONAL,"$1,125.00",$180.00,"$1,305.00",MERCADO LIBRE (CABLES),003 COMPRAS,003-07 Equipo Celular,EGRESO,HOSPITAL,
CHETUMAL,9311-HOSP,30-sep-25,09 2025,2025,GASTO DE PERSONAL,"$1,288.19",$206.11,"$1,494.30",MERCADO LIBRE (CONECTORES USB),003 COMPRAS,003-07 Equipo Celular,EGRESO,HOSPITAL,
CHETUMAL,9311-HOSP,30-sep-25,09 2025,2025,GASTO DE PERSONAL,"$16,534.03","$2,645.45","$19,179.48",MERCADO LIBRE TABLETA,003 COMPRAS,003-07 Equipo Celular,EGRESO,HOSPITAL,
CHETUMAL,9311-HOSP,30-sep-25,09 2025,2025,GASTO DE PERSONAL,"$1,294.00",$206.00,"$1,500.00",MONICA DE LUCERO (PERSONAL ISSSTE),003 RENTAS,003-09 Equipo de Computo,EGRESO,HOSPITAL,
CHETUMAL,9311-HOSP,30-sep-25,09 2025,2025,GASTO DE PERSONAL,"$1,294.00",$206.00,"$1,500.00",MONICA DE LUCERO (PERSONAL ISSSTE),003 RENTAS,003-09 Equipo de Computo,EGRESO,HOSPITAL,
CHETUMAL,9311-HOSP,30-sep-25,09 2025,2025,GASTO OFNA DE CAMPO,$731.03,$116.96,$847.99,TELCEL (INTERNET) ,004 PAGO DE SERVICIOS,004-04 Internet,EGRESO,HOSPITAL,
CHETUMAL,9311-HOSP,30-sep-25,09 2025,2025,GASTO OFNA DE CAMPO,"$2,796.70",$447.47,"$3,244.17",TELCEL (INTERNET) ,004 PAGO DE SERVICIOS,004-04 Internet,EGRESO,HOSPITAL,
CHETUMAL,9311-HOSP,30-sep-25,09 2025,2025,GASTO DE PERSONAL,"$5,048.28",$807.72,"$5,856.00",VLO AEROMEX ARTURO,001 VIAJE,001-01 Pasajes de Avion,EGRESO,HOSPITAL,
CHETUMAL,9311-HOSP,30-sep-25,09 2025,2025,GASTO DE PERSONAL,"$5,034.48",$805.52,"$5,840.00",VLO AEROMEXICO ARTURO Y LEONARDO (REGRESO ),001 VIAJE,001-01 Pasajes de Avion,EGRESO,HOSPITAL,
CHETUMAL,9311-HOSP,30-sep-25,09 2025,2025,GASTO DE PERSONAL,"$9,793.97","$1,567.03","$11,361.00",VOLARIS PERSONAL ISSSTE,001 VIAJE,001-01 Pasajes de Avion,EGRESO,HOSPITAL,
CHETUMAL,9311-GUARD,30-sep-25,09 2025,2025,GASTO DE PERSONAL,"$3,211.21",$513.79,"$3,725.00",VOLARIS PERSONAL ISSSTE,001 VIAJE,001-01 Pasajes de Avion,EGRESO,ESTANCIA,
CHETUMAL,9311-HOSP,01-oct-25,10 2025,2025,PERSONAL ISSSTE SN FDO,"$110,700.00","$17,712.00","$128,412.00",PAGO FACTURA ALFA GRAINS ,002 NOMINA,002-01 Asimilados,EGRESO,HOSPITAL,
CHETUMAL,9311-GUARD,01-oct-25,10 2025,2025,PERSONAL ISSSTE SN FDO,"$24,300.00","$3,888.00","$28,188.00",PAGO FACTURA ALFA GRAINS  ,002 NOMINA,002-01 Asimilados,EGRESO,ESTANCIA,
CHETUMAL,9311-HOSP,03-oct-25,10 2025,2025,ANALISTA ISSSTE (CONCURSO),"$4,310.34",$689.66,"$5,000.00",ANA ROSA GALVAN,007 SERVICIOS EXTERNOS ,007-04 Consultorias,EGRESO,HOSPITAL,
CHETUMAL,9311-HOSP,06-oct-25,10 2025,2025,GASTO DE PERSONAL,"$10,538.15","$1,686.10","$12,224.25",PAGO FACTURA BURMESTER TONERS ISSSTE,003 RENTAS,003-09 Equipo de Computo,EGRESO,HOSPITAL,
CHETUMAL,9311-HOSP,07-oct-25,10 2025,2025,GASTO DE PERSONAL,"$6,896.55","$1,103.45","$8,000.00",GASTOS A COMPROBAR ARTURO VIAJE A TORREON,001 VIAJE,001-03 Viáticos,EGRESO,HOSPITAL,
CHETUMAL,9311-HOSP,10-oct-25,10 2025,2025,GASTO DE PERSONAL,"$15,086.21","$2,413.79","$17,500.00",ALICIA GABRIELA (RENTA CASA ARTURO),001 VIAJE,001-02 Hospedaje,EGRESO,HOSPITAL,
CHETUMAL,9311-HOSP,10-oct-25,10 2025,2025,GASTO DE PERSONAL,"$15,000.00","$2,400.00","$17,400.00",ALICIA GABRIELA (RENTA CASA ARTURO),001 VIAJE,001-02 Hospedaje,EGRESO,HOSPITAL,
CHETUMAL,9311-HOSP,10-oct-25,10 2025,2025,GASTO DE PERSONAL,"$2,600.00",$416.00,"$3,016.00",GUILLERMINA ROSALES (PARA IMPRESORA),003 COMPRAS,003-06 Papelería,EGRESO,HOSPITAL,
CHETUMAL,9311-HOSP,10-oct-25,10 2025,2025,GASTO DE PERSONAL,"$8,189.66","$1,310.34","$9,500.00",PAGO GESTORIA Y CAMBIO DE PROPIETARIO AUTO ISSSTE,007 SERVICIOS EXTERNOS ,007-04 Consultorias,EGRESO,HOSPITAL,
CHETUMAL,9311-GUARD,14-oct-25,10 2025,2025,INGRESO,"$149,047.41","$23,847.59","$172,895.00",PAGO FACT A 0786 (GUARDERIA),006 INGRESO,006-01 Pago fac sup,INGRESO,ESTANCIA,
CHETUMAL,9311-HOSP,24-oct-25,10 2025,2025,GASTO DE PERSONAL,"$6,034.48",$965.52,"$7,000.00",ARTURO GUERRA ZUÑIGA,001 VIAJE,001-03 Viáticos,EGRESO,HOSPITAL,
CHETUMAL,9311-HOSP,24-oct-25,10 2025,2025,GASTO OFNA DE CAMPO,"$7,758.62","$1,241.38","$9,000.00",JESUS LEONARDO VELAZQUEZ ROCHA ,001 VIAJE,001-03 Viáticos,EGRESO,HOSPITAL,
CHETUMAL,9311-HOSP,24-oct-25,10 2025,2025,FIANZAS,"$5,087.50",$814.00,"$5,901.50",PAGO FACTURA TOKIO MARINE,008 CUOTAS Y SUSCRIPCIONES ,008-01 Fianzas,EGRESO,HOSPITAL,
CHETUMAL,9311-HOSP,24-oct-25,10 2025,2025,FIANZAS,"$5,087.50",$814.00,"$5,901.50",PAGO FACTURA TOKIO MARINE ,008 CUOTAS Y SUSCRIPCIONES ,008-01 Fianzas,EGRESO,HOSPITAL,
CHETUMAL,9311-HOSP,24-oct-25,10 2025,2025,FIANZAS,"$12,730.11","$2,036.82","$14,766.93",PAGO FACTURA TOKIO MARINE FIANZA ANTICIPO CHETUMAL,008 CUOTAS Y SUSCRIPCIONES ,008-01 Fianzas,EGRESO,HOSPITAL,
CHETUMAL,9311-HOSP,24-oct-25,10 2025,2025,FIANZAS,"$61,981.76","$9,917.08","$71,898.84",PAGO FACTURA TOKIO MARINE FIANZA CUMPLMIENTO CHETUMAL,008 CUOTAS Y SUSCRIPCIONES ,008-01 Fianzas,EGRESO,HOSPITAL,
CHETUMAL,9311-HOSP,27-oct-25,10 2025,2025,GASTO OFNA DE CAMPO,"$54,705.17","$8,752.83","$63,458.00",GASTOS A COMPROBAR LAEONARDO,001 VIAJE,001-03 Viáticos,EGRESO,HOSPITAL,
CHETUMAL,9311-HOSP,28-oct-25,10 2025,2025,GASTO OFNA DE CAMPO,"$2,844.83",$455.17,"$3,300.00",EMMANUEL PACHECO PEREZ,001 VIAJE,001-03 Viáticos,EGRESO,HOSPITAL,
CHETUMAL,9311-HOSP,28-oct-25,10 2025,2025,TRANSPORTE,"$10,344.83","$1,655.17","$12,000.00",PAGO ENCHANCHE AUTOMOBIL VIRTUS SN FDO,003 RENTAS,003-10 Automovil / Camioneta,EGRESO,HOSPITAL,
CHETUMAL,9311-HOSP,30-oct-25,10 2025,2025,GASTO DE PERSONAL,$646.00,$104.00,$750.00,AARON DE AQUINO (PERSONAL ISSSTE),003 RENTAS,003-07 Equipo Celular,EGRESO,HOSPITAL,
CHETUMAL,9311-HOSP,30-oct-25,10 2025,2025,GASTO DE PERSONAL,$646.00,$104.00,$750.00,AARON DE AQUINO (PERSONAL ISSSTE),003 RENTAS,003-07 Equipo Celular,EGRESO,HOSPITAL,
CHETUMAL,9311-HOSP,30-oct-25,10 2025,2025,GASTO DE PERSONAL,"$4,461.45",$713.83,"$5,175.28",AIR BNB ARTURO,001 VIAJE,001-02 Hospedaje,EGRESO,HOSPITAL,
CHETUMAL,9311-HOSP,30-oct-25,10 2025,2025,GASTO DE PERSONAL,"$3,594.71",$575.15,"$4,169.86",AIR BNB ARTURO,001 VIAJE,001-02 Hospedaje,EGRESO,HOSPITAL,
CHETUMAL,9311-HOSP,30-oct-25,10 2025,2025,GASTO DE PERSONAL,"$5,276.63",$844.26,"$6,120.89",AIR BNB PESONAL DEL ISSSTE,001 VIAJE,001-02 Hospedaje,EGRESO,HOSPITAL,
CHETUMAL,9311-HOSP,30-oct-25,10 2025,2025,GASTO DE PERSONAL,$646.00,$104.00,$750.00,ARTURO GUERRA ZUÑIGA,003 RENTAS,003-07 Equipo Celular,EGRESO,HOSPITAL,
CHETUMAL,9311-HOSP,30-oct-25,10 2025,2025,GASTO DE PERSONAL,"$1,294.00",$206.00,"$1,500.00",ARTURO GUERRA ZUÑIGA,003 RENTAS,003-09 Equipo de Computo,EGRESO,HOSPITAL,
CHETUMAL,9311-HOSP,30-oct-25,10 2025,2025,GASTO DE PERSONAL,$646.00,$104.00,$750.00,EDGAR JIMENEZ (PERSONA ISSSTE),003 RENTAS,003-07 Equipo Celular,EGRESO,HOSPITAL,
CHETUMAL,9311-HOSP,30-oct-25,10 2025,2025,GASTO DE PERSONAL,"$1,968.28",$314.93,"$2,283.21",EMMANUEL PACHECO PEREZ,001 VIAJE,001-02 Hospedaje,EGRESO,HOSPITAL,
CHETUMAL,9311-HOSP,30-oct-25,10 2025,2025,GASTO DE PERSONAL,$646.00,$104.00,$750.00,EMMANUEL PACHECO PEREZ,003 RENTAS,003-07 Equipo Celular,EGRESO,HOSPITAL,
CHETUMAL,9311-HOSP,30-oct-25,10 2025,2025,GASTO DE PERSONAL,"$1,294.00",$206.00,"$1,500.00",EMMANUEL PACHECO PEREZ,003 RENTAS,003-09 Equipo de Computo,EGRESO,HOSPITAL,
CHETUMAL,9311-HOSP,30-oct-25,10 2025,2025,GASTO DE PERSONAL,$646.00,$104.00,$750.00,JESUS LEONARDO VELAZQUEZ ROCHA ,003 RENTAS,003-07 Equipo Celular,EGRESO,HOSPITAL,
CHETUMAL,9311-HOSP,30-oct-25,10 2025,2025,GASTO DE PERSONAL,"$1,294.00",$206.00,"$1,500.00",JESUS LEONARDO VELAZQUEZ ROCHA ,003 RENTAS,003-09 Equipo de Computo,EGRESO,HOSPITAL,
CHETUMAL,9311-HOSP,30-oct-25,10 2025,2025,GASTO DE PERSONAL,"$1,294.00",$206.00,"$1,500.00",MONICA DE LUCERO (PERSONAL ISSSTE),003 RENTAS,003-09 Equipo de Computo,EGRESO,HOSPITAL,
CHETUMAL,9311-HOSP,30-oct-25,10 2025,2025,GASTO DE PERSONAL,"$1,294.00",$206.00,"$1,500.00",MONICA DE LUCERO (PERSONAL ISSSTE),003 RENTAS,003-09 Equipo de Computo,EGRESO,HOSPITAL,
CHETUMAL,9311-HOSP,30-oct-25,10 2025,2025,GASTO DE PERSONAL,"$4,413.95",$706.23,"$5,120.18",PAY PAL MAGIX (editor de videos),003 RENTAS,005-04 Licencias,EGRESO,HOSPITAL,
CHETUMAL,9311-HOSP,30-oct-25,10 2025,2025,GASTO OFNA DE CAMPO,$731.03,$116.96,$847.99,TELCEL (INTERNET) ,004 PAGO DE SERVICIOS,004-04 Internet,EGRESO,HOSPITAL,
CHETUMAL,9311-HOSP,30-oct-25,10 2025,2025,GASTO OFNA DE CAMPO,$731.03,$116.96,$847.99,TELCEL (INTERNET) ,004 PAGO DE SERVICIOS,004-04 Internet,EGRESO,HOSPITAL,
CHETUMAL,9311-HOSP,30-oct-25,10 2025,2025,GASTO OFNA DE CAMPO,"$1,360.28",$217.65,"$1,577.93",TELCEL (INTERNET) ,004 PAGO DE SERVICIOS,004-04 Internet,EGRESO,HOSPITAL,
CHETUMAL,9311-HOSP,30-oct-25,10 2025,2025,GASTO DE PERSONAL,"$16,353.97","$2,616.64","$18,970.61",VIVA AEROBUS (ISSSTE),001 VIAJE,001-01 Pasajes de Avion,EGRESO,HOSPITAL,
CHETUMAL,9311-GUARD,30-oct-25,10 2025,2025,GASTO DE PERSONAL,"$5,451.32",$872.21,"$6,323.54",VIVA AEROBUS (ISSSTE),001 VIAJE,001-01 Pasajes de Avion,EGRESO,ESTANCIA,
CHETUMAL,9311-HOSP,30-oct-25,10 2025,2025,GASTO DE PERSONAL,"$4,085.91",$653.74,"$4,739.65",VIVA AEROBUS (LEO Y ARTURO),001 VIAJE,001-01 Pasajes de Avion,EGRESO,HOSPITAL,
CHETUMAL,9311-HOSP,31-oct-25,10 2025,2025,CASETA MOBIL,"$9,000.00","$1,440.00","$10,440.00", ASESORES INMOBILIARIOS H CHETUMAL,003 RENTAS,003-02 Casetas,EGRESO,HOSPITAL,
CHETUMAL,9311-HOSP,31-oct-25,10 2025,2025,GASTO DE PERSONAL,"$9,358.58",,"$9,358.58",ARTURO GUERRA ZUÑIGA,002 NOMINA,002-02 DDP,EGRESO,HOSPITAL,
CHETUMAL,9311-HOSP,31-oct-25,10 2025,2025,GASTO DE PERSONAL,"$23,911.20","$3,825.79","$27,736.99",ARTURO GUERRA ZUÑIGA,002 NOMINA,002-01 Asimilados,EGRESO,HOSPITAL,
CHETUMAL,9311-GUARD,31-oct-25,10 2025,2025,GASTO DE PERSONAL,"$1,663.04",,"$1,663.04",ARTURO GUERRA ZUÑIGA,002 NOMINA,002-02 DDP,EGRESO,ESTANCIA,
CHETUMAL,9311-GUARD,31-oct-25,10 2025,2025,GASTO DE PERSONAL,"$5,248.80",$839.81,"$6,088.61",ARTURO GUERRA ZUÑIGA,002 NOMINA,002-01 Asimilados,EGRESO,ESTANCIA,
CHETUMAL,9311-HOSP,31-oct-25,10 2025,2025,CASETA MOBIL,"$7,758.62","$1,241.38","$9,000.00","DEPOSITO EN GARANTIA, RENTA DE CASETA MOBIL CHETUMAL",003 RENTAS,003-02 Casetas,EGRESO,HOSPITAL,
CHETUMAL,9311-HOSP,31-oct-25,10 2025,2025,TRANSPORTE,"$8,533.76","$1,365.40","$9,899.16",EFECTIVALE,006 AUTOS,006-01 Combustible,EGRESO,HOSPITAL,
CHETUMAL,9311-HOSP,31-oct-25,10 2025,2025,GASTO DE PERSONAL,"$9,358.58",,"$9,358.58",EMMANUEL PACHECO PEREZ,002 NOMINA,002-02 DDP,EGRESO,HOSPITAL,
CHETUMAL,9311-HOSP,31-oct-25,10 2025,2025,GASTO DE PERSONAL,"$10,169.64","$1,627.14","$11,796.78",EMMANUEL PACHECO PEREZ,002 NOMINA,002-01 Asimilados,EGRESO,HOSPITAL,
CHETUMAL,9311-GUARD,31-oct-25,10 2025,2025,GASTO DE PERSONAL,"$1,663.04",,"$1,663.04",EMMANUEL PACHECO PEREZ,002 NOMINA,002-02 DDP,EGRESO,ESTANCIA,
CHETUMAL,9311-GUARD,31-oct-25,10 2025,2025,GASTO DE PERSONAL,"$2,232.36",$357.18,"$2,589.54",EMMANUEL PACHECO PEREZ,002 NOMINA,002-01 Asimilados,EGRESO,ESTANCIA,
CHETUMAL,9311-HOSP,31-oct-25,10 2025,2025,GASTO DE PERSONAL,"$9,358.58",,"$9,358.58",GILIBALDO GARCIA CASTILLO,002 NOMINA,002-02 DDP,EGRESO,HOSPITAL,
CHETUMAL,9311-HOSP,31-oct-25,10 2025,2025,GASTO DE PERSONAL,"$13,886.00","$13,100.00","$16,107.76",GILIBALDO GARCIA CASTILLO,002 NOMINA,002-01 Asimilados,EGRESO,HOSPITAL,
CHETUMAL,9311-HOSP,31-oct-25,10 2025,2025,GASTO DE PERSONAL,$646.00,$104.00,$750.00,GILIBALDO GARCIA CASTILLO,003 RENTAS,003-07 Equipo Celular,EGRESO,HOSPITAL,
CHETUMAL,9311-HOSP,31-oct-25,10 2025,2025,GASTO DE PERSONAL,"$1,294.00",$206.00,"$1,500.00",GILIBALDO GARCIA CASTILLO,003 RENTAS,003-09 Equipo de Computo,EGRESO,HOSPITAL,
CHETUMAL,9311-HOSP,31-oct-25,10 2025,2025,GASTO DE PERSONAL,"$9,358.58",,"$9,358.58",JESUS LEONARDO VELAZQUEZ ROCHA ,002 NOMINA,002-02 DDP,EGRESO,HOSPITAL,
CHETUMAL,9311-HOSP,31-oct-25,10 2025,2025,GASTO DE PERSONAL,"$12,168.80","$1,947.01","$14,115.81",JESUS LEONARDO VELAZQUEZ ROCHA ,002 NOMINA,002-01 Asimilados,EGRESO,HOSPITAL,
CHETUMAL,9311-GUARD,31-oct-25,10 2025,2025,GASTO DE PERSONAL,"$1,663.04",,"$1,663.04",JESUS LEONARDO VELAZQUEZ ROCHA ,002 NOMINA,002-02 DDP,EGRESO,ESTANCIA,
CHETUMAL,9311-GUARD,31-oct-25,10 2025,2025,GASTO DE PERSONAL,"$2,671.20",$427.39,"$3,098.59",JESUS LEONARDO VELAZQUEZ ROCHA ,002 NOMINA,002-01 Asimilados,EGRESO,ESTANCIA,
CHETUMAL,9311-HOSP,31-oct-25,10 2025,2025,GASTO DE PERSONAL,"$9,358.58",,"$9,358.58",JORGE RUPERTO DURAN OJEDA,002 NOMINA,002-02 DDP,EGRESO,HOSPITAL,
CHETUMAL,9311-HOSP,31-oct-25,10 2025,2025,GASTO DE PERSONAL,"$9,646.00","$9,100.00","$11,189.36",JORGE RUPERTO DURAN OJEDA,002 NOMINA,002-01 Asimilados,EGRESO,HOSPITAL,
CHETUMAL,9311-HOSP,31-oct-25,10 2025,2025,GASTO DE PERSONAL,$646.00,$104.00,$750.00,JORGE RUPERTO DURAN OJEDA,003 RENTAS,003-07 Equipo Celular,EGRESO,HOSPITAL,
CHETUMAL,9311-HOSP,31-oct-25,10 2025,2025,GASTO DE PERSONAL,"$1,294.00",$206.00,"$1,500.00",JORGE RUPERTO DURAN OJEDA,003 RENTAS,003-09 Equipo de Computo,EGRESO,HOSPITAL,
CHETUMAL,9311-GUARD,31-oct-25,10 2025,2025,GASTO DE PERSONAL,"$4,679.29",$0.00,"$4,679.29",JOSE LUIS CANO CAT,002 NOMINA,002-02 DDP,EGRESO,ESTANCIA,
CHETUMAL,9311-GUARD,31-oct-25,10 2025,2025,GASTO DE PERSONAL,"$6,943.00","$6,550.00","$8,053.88",JOSE LUIS CANO CAT,002 NOMINA,002-01 Asimilados,EGRESO,ESTANCIA,
CHETUMAL,9311-GUARD,31-oct-25,10 2025,2025,GASTO DE PERSONAL,$646.00,$104.00,$750.00,JOSE LUIS CANO CAT,003 RENTAS,003-07 Equipo Celular,EGRESO,ESTANCIA,
CHETUMAL,9311-GUARD,31-oct-25,10 2025,2025,GASTO DE PERSONAL,"$1,294.00",$206.00,"$1,500.00",JOSE LUIS CANO CAT,003 RENTAS,003-09 Equipo de Computo,EGRESO,ESTANCIA,
CHETUMAL,9311-HOSP,01-nov-25,11 2025,2025,PERSONAL ISSSTE SN FDO,"$110,700.00","$17,712.00","$128,412.00",PAGO FACTURA ALFA GRAINS ,002 NOMINA,002-01 Asimilados,EGRESO,HOSPITAL,
CHETUMAL,9311-GUARD,01-nov-25,11 2025,2025,PERSONAL ISSSTE SN FDO,"$24,300.00","$3,888.00","$28,188.00",PAGO FACTURA ALFA GRAINS  ,002 NOMINA,002-01 Asimilados,EGRESO,ESTANCIA,
CHETUMAL,9311-HOSP,05-nov-25,11 2025,2025,GASTO DE PERSONAL,"$4,692.07",$750.73,"$5,442.80",PAGO FACTURA ISRAEL SEGURA MARTINEZ,004 PAGO DE SERVICIOS,004-01 Luz,EGRESO,HOSPITAL,
CHETUMAL,9311-HOSP,05-nov-25,11 2025,2025,GASTO OFNA DE CAMPO,"$4,412.53",$706.01,"$5,118.54",PAGO FACTURA TRABAJOS HOSPITAL CHETUMAL,004 PAGO DE SERVICIOS,004-01 Luz,EGRESO,HOSPITAL,
CHETUMAL,9311-HOSP,06-nov-25,11 2025,2025,GASTO OFNA DE CAMPO,"$3,647.41",$583.59,"$4,231.00",PAGO FACTURA ORLANDO JAVIER CHETUMAL,004 PAGO DE SERVICIOS,004-01 Luz,EGRESO,HOSPITAL,
CHETUMAL,9311-HOSP,07-nov-25,11 2025,2025,GASTO DE PERSONAL,"$3,448.28",$551.72,"$4,000.00",ARTURO GUERRA ZUÑIGA,001 VIAJE,001-03 Viáticos,EGRESO,HOSPITAL,
CHETUMAL,9311-HOSP,07-nov-25,11 2025,2025,GASTO OFNA DE CAMPO,"$3,802.59",$608.41,"$4,411.00",PAGO FACTURA ORLANDO JAVIER CHETUMAL,004 PAGO DE SERVICIOS,004-01 Luz,EGRESO,HOSPITAL,
CHETUMAL,9311-HOSP,10-nov-25,11 2025,2025,GASTO DE PERSONAL,"$15,000.00","$2,400.00","$17,400.00",ALICIA GABRIELA (RENTA CASA ARTURO),001 VIAJE,001-02 Hospedaje,EGRESO,HOSPITAL,
CHETUMAL,9311-HOSP,10-nov-25,11 2025,2025,GASTO DE PERSONAL,"$3,103.45",$496.55,"$3,600.00",JESUS LEONARDO VELAZQUEZ ROCHA ,001 VIAJE,001-03 Viáticos,EGRESO,HOSPITAL,
CHETUMAL,9311-HOSP,12-nov-25,11 2025,2025,CAMARAS DE SEGURIDAD,"$73,026.38","$11,684.22","$84,710.60",EMANUEL EBRA INFORMACION CAMARAS,007 SERVICIOS EXTERNOS ,007-04 Consultorias,EGRESO,HOSPITAL,
CHETUMAL,9311-HOSP,14-nov-25,11 2025,2025,GASTO DE PERSONAL,"$3,620.69",$579.31,"$4,200.00",JESUS LEONARDO VELAZQUEZ ROCHA ,001 VIAJE,001-03 Viáticos,EGRESO,HOSPITAL,
CHETUMAL,9311-HOSP,21-nov-25,11 2025,2025,GASTO DE PERSONAL,"$3,879.31",$620.69,"$4,500.00",ARTURO GUERRA ZUÑIGA,001 VIAJE,001-03 Viáticos,EGRESO,HOSPITAL,
CHETUMAL,9311-HOSP,21-nov-25,11 2025,2025,GASTO DE PERSONAL,"$2,586.21",$413.79,"$3,000.00",JESUS LEONARDO VELAZQUEZ ROCHA ,001 VIAJE,001-03 Viáticos,EGRESO,HOSPITAL,
CHETUMAL,9311-HOSP,28-nov-25,11 2025,2025,TRANSPORTE,"$10,344.83","$1,655.17","$12,000.00",AUTOMOVIL VW AUTOSUR (Gabino),003 RENTAS,003-10 Automovil / Camioneta,EGRESO,HOSPITAL,
CHETUMAL,9311-HOSP,28-nov-25,11 2025,2025,TRANSPORTE,"$10,344.83","$1,655.17","$12,000.00",AUTOMOVIL VW SAN FERNANDO,003 RENTAS,003-10 Automovil / Camioneta,EGRESO,HOSPITAL,
CHETUMAL,9311-HOSP,30-nov-25,11 2025,2025,GASTO DE PERSONAL,$646.00,$104.00,$750.00,AARON DE AQUINO (PERSONAL ISSSTE),003 RENTAS,003-07 Equipo Celular,EGRESO,HOSPITAL,
CHETUMAL,9311-HOSP,30-nov-25,11 2025,2025,GASTO DE PERSONAL,$646.00,$104.00,$750.00,AARON DE AQUINO (PERSONAL ISSSTE),003 RENTAS,003-07 Equipo Celular,EGRESO,HOSPITAL,
CHETUMAL,9311-HOSP,30-nov-25,11 2025,2025,GASTO DE PERSONAL,"$9,358.58",,"$9,358.58",ARTURO GUERRA ZUÑIGA,002 NOMINA,002-02 DDP,EGRESO,HOSPITAL,
CHETUMAL,9311-HOSP,30-nov-25,11 2025,2025,GASTO DE PERSONAL,"$23,911.20","$3,825.79","$27,736.99",ARTURO GUERRA ZUÑIGA,002 NOMINA,002-01 Asimilados,EGRESO,HOSPITAL,
CHETUMAL,9311-HOSP,30-nov-25,11 2025,2025,GASTO DE PERSONAL,$646.00,$104.00,$750.00,ARTURO GUERRA ZUÑIGA,003 RENTAS,003-07 Equipo Celular,EGRESO,HOSPITAL,
CHETUMAL,9311-HOSP,30-nov-25,11 2025,2025,GASTO DE PERSONAL,"$1,294.00",$206.00,"$1,500.00",ARTURO GUERRA ZUÑIGA,003 RENTAS,003-09 Equipo de Computo,EGRESO,HOSPITAL,
CHETUMAL,9311-GUARD,30-nov-25,11 2025,2025,GASTO DE PERSONAL,"$1,663.04",,"$1,663.04",ARTURO GUERRA ZUÑIGA,002 NOMINA,002-02 DDP,EGRESO,ESTANCIA,
CHETUMAL,9311-GUARD,30-nov-25,11 2025,2025,GASTO DE PERSONAL,"$5,248.80",$839.81,"$6,088.61",ARTURO GUERRA ZUÑIGA,002 NOMINA,002-01 Asimilados,EGRESO,ESTANCIA,
CHETUMAL,9311-HOSP,30-nov-25,11 2025,2025,GASTO DE PERSONAL,$716.95,$114.71,$831.66,DHL,004 PAGO DE SERVICIOS,004-05 Mensajeria,EGRESO,HOSPITAL,
CHETUMAL,9311-HOSP,30-nov-25,11 2025,2025,GASTO DE PERSONAL,$646.00,$104.00,$750.00,EDGAR JIMENEZ (PERSONA ISSSTE),003 RENTAS,003-07 Equipo Celular,EGRESO,HOSPITAL,
CHETUMAL,9311-HOSP,30-nov-25,11 2025,2025,TRANSPORTE,"$9,923.28","$1,587.73","$11,511.01",EFECTIVALE,006 AUTOS,006-01 Combustible,EGRESO,HOSPITAL,
CHETUMAL,9311-HOSP,30-nov-25,11 2025,2025,GASTO DE PERSONAL,"$9,358.58",,"$9,358.58",EMMANUEL PACHECO PEREZ,002 NOMINA,002-02 DDP,EGRESO,HOSPITAL,
CHETUMAL,9311-HOSP,30-nov-25,11 2025,2025,GASTO DE PERSONAL,"$10,169.64","$1,627.14","$11,796.78",EMMANUEL PACHECO PEREZ,002 NOMINA,002-01 Asimilados,EGRESO,HOSPITAL,
CHETUMAL,9311-HOSP,30-nov-25,11 2025,2025,GASTO DE PERSONAL,$646.00,$104.00,$750.00,EMMANUEL PACHECO PEREZ,003 RENTAS,003-07 Equipo Celular,EGRESO,HOSPITAL,
CHETUMAL,9311-HOSP,30-nov-25,11 2025,2025,GASTO DE PERSONAL,"$1,294.00",$206.00,"$1,500.00",EMMANUEL PACHECO PEREZ,003 RENTAS,003-09 Equipo de Computo,EGRESO,HOSPITAL,
CHETUMAL,9311-GUARD,30-nov-25,11 2025,2025,GASTO DE PERSONAL,"$1,663.04",,"$1,663.04",EMMANUEL PACHECO PEREZ,002 NOMINA,002-02 DDP,EGRESO,ESTANCIA,
CHETUMAL,9311-GUARD,30-nov-25,11 2025,2025,GASTO DE PERSONAL,"$2,232.36",$357.18,"$2,589.54",EMMANUEL PACHECO PEREZ,002 NOMINA,002-01 Asimilados,EGRESO,ESTANCIA,
CHETUMAL,9311-HOSP,30-nov-25,11 2025,2025,GASTO DE PERSONAL,"$9,358.58",,"$9,358.58",GILIBALDO GARCIA CASTILLO,002 NOMINA,002-02 DDP,EGRESO,HOSPITAL,
CHETUMAL,9311-HOSP,30-nov-25,11 2025,2025,GASTO DE PERSONAL,"$13,886.00","$13,100.00","$16,107.76",GILIBALDO GARCIA CASTILLO,002 NOMINA,002-01 Asimilados,EGRESO,HOSPITAL,
CHETUMAL,9311-HOSP,30-nov-25,11 2025,2025,GASTO DE PERSONAL,$646.00,$104.00,$750.00,GILIBALDO GARCIA CASTILLO,003 RENTAS,003-07 Equipo Celular,EGRESO,HOSPITAL,
CHETUMAL,9311-HOSP,30-nov-25,11 2025,2025,GASTO DE PERSONAL,"$1,294.00",$206.00,"$1,500.00",GILIBALDO GARCIA CASTILLO,003 RENTAS,003-09 Equipo de Computo,EGRESO,HOSPITAL,
CHETUMAL,9311-HOSP,30-nov-25,11 2025,2025,GASTO OFNA DE CAMPO,"$13,243.97","$2,119.03","$15,363.00",HOME DEPOT (MOBILIARIO),003 COMPRAS,003-01 Mob y equip ofna,EGRESO,HOSPITAL,
CHETUMAL,9311-HOSP,30-nov-25,11 2025,2025,GASTO OFNA DE CAMPO,"$4,686.21",$749.79,"$5,436.00",HOME DEPOT (MOBILIARIO),003 COMPRAS,003-01 Mob y equip ofna,EGRESO,HOSPITAL,
CHETUMAL,9311-HOSP,30-nov-25,11 2025,2025,BIOMEDICO,"$9,358.58",,"$9,358.58",IVAN CARRILLO PAUL,002 NOMINA,002-02 DDP,EGRESO,HOSPITAL,
CHETUMAL,9311-HOSP,30-nov-25,11 2025,2025,BIOMEDICO,"$22,366.00","$21,100.00","$25,944.56",IVAN CARRILLO PAUL,002 NOMINA,002-01 Asimilados,EGRESO,HOSPITAL,
CHETUMAL,9311-HOSP,30-nov-25,11 2025,2025,GASTO DE PERSONAL,"$9,358.58",,"$9,358.58",JESUS LEONARDO VELAZQUEZ ROCHA ,002 NOMINA,002-02 DDP,EGRESO,HOSPITAL,
CHETUMAL,9311-HOSP,30-nov-25,11 2025,2025,GASTO DE PERSONAL,"$12,168.80","$1,947.01","$14,115.81",JESUS LEONARDO VELAZQUEZ ROCHA ,002 NOMINA,002-01 Asimilados,EGRESO,HOSPITAL,
CHETUMAL,9311-HOSP,30-nov-25,11 2025,2025,GASTO DE PERSONAL,$646.00,$104.00,$750.00,JESUS LEONARDO VELAZQUEZ ROCHA ,003 RENTAS,003-07 Equipo Celular,EGRESO,HOSPITAL,
CHETUMAL,9311-HOSP,30-nov-25,11 2025,2025,GASTO DE PERSONAL,"$1,294.00",$206.00,"$1,500.00",JESUS LEONARDO VELAZQUEZ ROCHA ,003 RENTAS,003-09 Equipo de Computo,EGRESO,HOSPITAL,
CHETUMAL,9311-HOSP,30-nov-25,11 2025,2025,GASTO DE PERSONAL,"$3,963.34",$634.13,"$4,597.47",JESUS LEONARDO VELAZQUEZ ROCHA ,001 VIAJE,001-01 Pasajes de Avion,EGRESO,HOSPITAL,
CHETUMAL,9311-GUARD,30-nov-25,11 2025,2025,GASTO DE PERSONAL,"$1,663.04",,"$1,663.04",JESUS LEONARDO VELAZQUEZ ROCHA ,002 NOMINA,002-02 DDP,EGRESO,ESTANCIA,
CHETUMAL,9311-GUARD,30-nov-25,11 2025,2025,GASTO DE PERSONAL,"$2,671.20",$427.39,"$3,098.59",JESUS LEONARDO VELAZQUEZ ROCHA ,002 NOMINA,002-01 Asimilados,EGRESO,ESTANCIA,
CHETUMAL,9311-HOSP,30-nov-25,11 2025,2025,GASTO DE PERSONAL,"$9,358.58",,"$9,358.58",JORGE RUPERTO DURAN OJEDA,002 NOMINA,002-02 DDP,EGRESO,HOSPITAL,
CHETUMAL,9311-HOSP,30-nov-25,11 2025,2025,GASTO DE PERSONAL,"$9,646.00","$9,100.00","$11,189.36",JORGE RUPERTO DURAN OJEDA,002 NOMINA,002-01 Asimilados,EGRESO,HOSPITAL,
CHETUMAL,9311-HOSP,30-nov-25,11 2025,2025,GASTO DE PERSONAL,$646.00,$104.00,$750.00,JORGE RUPERTO DURAN OJEDA,003 RENTAS,003-07 Equipo Celular,EGRESO,HOSPITAL,
CHETUMAL,9311-HOSP,30-nov-25,11 2025,2025,GASTO DE PERSONAL,"$1,294.00",$206.00,"$1,500.00",JORGE RUPERTO DURAN OJEDA,003 RENTAS,003-09 Equipo de Computo,EGRESO,HOSPITAL,
CHETUMAL,9311-GUARD,30-nov-25,11 2025,2025,GASTO DE PERSONAL,"$9,358.58",,"$9,358.58",JOSE LUIS CANO CAT,002 NOMINA,002-02 DDP,EGRESO,ESTANCIA,
CHETUMAL,9311-GUARD,30-nov-25,11 2025,2025,GASTO DE PERSONAL,"$13,886.00","$13,100.00","$16,107.76",JOSE LUIS CANO CAT,002 NOMINA,002-01 Asimilados,EGRESO,ESTANCIA,
CHETUMAL,9311-GUARD,30-nov-25,11 2025,2025,GASTO DE PERSONAL,$646.00,$104.00,$750.00,JOSE LUIS CANO CAT,003 RENTAS,003-07 Equipo Celular,EGRESO,ESTANCIA,
CHETUMAL,9311-GUARD,30-nov-25,11 2025,2025,GASTO DE PERSONAL,"$1,294.00",$206.00,"$1,500.00",JOSE LUIS CANO CAT,003 RENTAS,003-09 Equipo de Computo,EGRESO,ESTANCIA,
CHETUMAL,9311-HOSP,30-nov-25,11 2025,2025,GASTO DE PERSONAL,"$1,294.00",$206.00,"$1,500.00",MONICA DE LUCERO (PERSONAL ISSSTE),003 RENTAS,003-09 Equipo de Computo,EGRESO,HOSPITAL,
CHETUMAL,9311-HOSP,30-nov-25,11 2025,2025,GASTO DE PERSONAL,"$1,294.00",$206.00,"$1,500.00",MONICA DE LUCERO (PERSONAL ISSSTE),003 RENTAS,003-09 Equipo de Computo,EGRESO,HOSPITAL,
CHETUMAL,9311-HOSP,30-nov-25,11 2025,2025,GASTO OFNA DE CAMPO,"$11,871.12","$1,899.38","$13,770.50",OFFICE DEPOT,003 COMPRAS,003-06 Papelería,EGRESO,HOSPITAL,
CHETUMAL,9311-HOSP,30-nov-25,11 2025,2025,GASTO OFNA DE CAMPO,$731.03,$116.96,$847.99,TELCEL (INTERNET) ,004 PAGO DE SERVICIOS,004-04 Internet,EGRESO,HOSPITAL,
CHETUMAL,9311-HOSP,30-nov-25,11 2025,2025,GASTO OFNA DE CAMPO,$731.03,$116.96,$847.99,TELCEL (INTERNET) ,004 PAGO DE SERVICIOS,004-04 Internet,EGRESO,HOSPITAL,
CHETUMAL,9311-HOSP,30-nov-25,11 2025,2025,GASTO OFNA DE CAMPO,"$1,360.28",$217.65,"$1,577.93",TELCEL (INTERNET) ,004 PAGO DE SERVICIOS,004-04 Internet,EGRESO,HOSPITAL,
CHETUMAL,9311-HOSP,30-nov-25,11 2025,2025,GASTO DE PERSONAL,"$4,551.72",$728.28,"$5,280.00",VLO AEROMEXICO ARTURO,001 VIAJE,001-01 Pasajes de Avion,EGRESO,HOSPITAL,
CHETUMAL,9311-HOSP,30-nov-25,11 2025,2025,GASTO DE PERSONAL,"$9,358.58",,"$9,358.58",YOSELI XIX TOLEDANO,002 NOMINA,002-02 DDP,EGRESO,HOSPITAL,
CHETUMAL,9311-HOSP,30-nov-25,11 2025,2025,GASTO DE PERSONAL,"$9,646.00","$9,100.00","$11,189.36",YOSELI XIX TOLEDANO,002 NOMINA,002-01 Asimilados,EGRESO,HOSPITAL,
CHETUMAL,9311-HOSP,30-nov-25,11 2025,2025,GASTO DE PERSONAL,$646.00,$104.00,$750.00,YOSELI XIX TOLEDANO,003 RENTAS,003-07 Equipo Celular,EGRESO,HOSPITAL,
CHETUMAL,9311-HOSP,30-nov-25,11 2025,2025,GASTO DE PERSONAL,"$1,294.00",$206.00,"$1,500.00",YOSELI XIX TOLEDANO,003 RENTAS,003-09 Equipo de Computo,EGRESO,HOSPITAL,
CHETUMAL,9311-HOSP,01-dic-25,12 2025,2025,PERSONAL ISSSTE SN FDO,"$110,700.00","$17,712.00","$128,412.00",PAGO FACTURA ALFA GRAINS ,002 NOMINA,002-01 Asimilados,EGRESO,HOSPITAL,
CHETUMAL,9311-HOSP,02-dic-25,12 2025,2025,CASETA MOBIL,"$24,114.00","$3,858.24","$27,972.24", ASESORES INMOBILIARIOS H CHETUMAL,003 RENTAS,003-02 Casetas,EGRESO,HOSPITAL,
CHETUMAL,9311-HOSP,02-dic-25,12 2025,2025,GASTO DE PERSONAL,"$3,448.28",$551.72,"$4,000.00",ARTURO GUERRA ZUÑIGA,001 VIAJE,001-03 Viáticos,EGRESO,HOSPITAL,
CHETUMAL,9311-HOSP,02-dic-25,12 2025,2025,CASETA MOBIL,"$7,263.79","$1,162.21","$8,426.00","DEPOSITO EN GARANTIA, RENTA DE CASETA MOBIL CHETUMAL",003 RENTAS,003-02 Casetas,EGRESO,HOSPITAL,
CHETUMAL,9311-HOSP,02-dic-25,12 2025,2025,GASTO DE PERSONAL,"$3,440.00",$550.40,"$3,990.40",GUILLERMINA ROSALES (PARA IMPRESORA),003 COMPRAS,003-06 Papelería,EGRESO,HOSPITAL,
CHETUMAL,9311-HOSP,09-dic-25,12 2025,2025,GASTO DE PERSONAL,"$5,603.45",$896.55,"$6,500.00",ARTURO GUERRA ZUÑIGA,001 VIAJE,001-03 Viáticos,EGRESO,HOSPITAL,
CHETUMAL,9311-HOSP,09-dic-25,12 2025,2025,CAMARAS DE SEGURIDAD,"$73,026.38","$11,684.22","$84,710.60",EMANUEL EBRA INFORMACION CAMARAS,007 SERVICIOS EXTERNOS ,007-04 Consultorias,EGRESO,HOSPITAL,
CHETUMAL,9311-HOSP,10-dic-25,12 2025,2025,GASTO DE PERSONAL,"$15,000.00","$2,400.00","$17,400.00",ALICIA GABRIELA (RENTA CASA ARTURO),001 VIAJE,001-02 Hospedaje,EGRESO,HOSPITAL,
CHETUMAL,9311-HOSP,18-dic-25,12 2025,2025,PAGO SOCIO,"$139,400.00","$22,304.00","$161,704.00", ASESORES INMOBILIARIOS H CHETUMAL,007 SERVICIOS EXTERNOS ,007-04 Consultorias,EGRESO,HOSPITAL,
CHETUMAL,9311-HOSP,18-dic-25,12 2025,2025,GASTO DE PERSONAL,"$6,206.90",$993.10,"$7,200.00",ARTURO GUERRA ZUÑIGA,001 VIAJE,001-03 Viáticos,EGRESO,HOSPITAL,
CHETUMAL,9311-HOSP,18-dic-25,12 2025,2025,CAMARAS DE SEGURIDAD,"$3,053.12",$488.50,"$3,541.62",EMANUEL EBRA INFORMACION CAMARAS,007 SERVICIOS EXTERNOS ,007-04 Consultorias,EGRESO,HOSPITAL,
CHETUMAL,9311-HOSP,18-dic-25,12 2025,2025,CAMARAS DE SEGURIDAD,"$6,363.67","$1,018.19","$7,381.86",EMANUEL EBRA INFORMACION CAMARAS,007 SERVICIOS EXTERNOS ,007-04 Consultorias,EGRESO,HOSPITAL,
CHETUMAL,9311-HOSP,18-dic-25,12 2025,2025,GASTO DE PERSONAL,"$1,724.14",$275.86,"$2,000.00",EMMANUEL PACHECO PEREZ,001 VIAJE,001-03 Viáticos,EGRESO,HOSPITAL,
CHETUMAL,9311-HOSP,26-dic-25,12 2025,2025,PAGO SOCIO,"$106,991.73","$17,118.68","$124,110.41", ASESORES INMOBILIARIOS H CHETUMAL,007 SERVICIOS EXTERNOS ,007-04 Consultorias,EGRESO,HOSPITAL,
CHETUMAL,9311-HOSP,26-dic-25,12 2025,2025,PAGO SOCIO,"$155,480.71","$24,876.91","$180,357.62", ASESORES INMOBILIARIOS H CHETUMAL,007 SERVICIOS EXTERNOS ,007-04 Consultorias,EGRESO,HOSPITAL,
CHETUMAL,9311-HOSP,26-dic-25,12 2025,2025,PAGO SOCIO,"$110,912.55","$17,746.01","$128,658.56", ASESORES INMOBILIARIOS H CHETUMAL,007 SERVICIOS EXTERNOS ,007-04 Consultorias,EGRESO,HOSPITAL,
CHETUMAL,9311-HOSP,26-dic-25,12 2025,2025,PAGO SOCIO,"$95,550.00","$15,288.00","$110,838.00", ASESORES INMOBILIARIOS H CHETUMAL,007 SERVICIOS EXTERNOS ,007-04 Consultorias,EGRESO,HOSPITAL,
CHETUMAL,9311-HOSP,28-dic-25,12 2025,2025,TRANSPORTE,"$10,344.83","$1,655.17","$12,000.00",AUTOMOVIL VW AUTOSUR (Gabino),003 RENTAS,003-10 Automovil / Camioneta,EGRESO,HOSPITAL,
CHETUMAL,9311-HOSP,28-dic-25,12 2025,2025,TRANSPORTE,"$10,344.83","$1,655.17","$12,000.00",AUTOMOVIL VW SAN FERNANDO,003 RENTAS,003-10 Automovil / Camioneta,EGRESO,HOSPITAL,
CHETUMAL,9311-HOSP,28-dic-25,12 2025,2025,TRANSPORTE,"$10,344.83","$1,655.17","$12,000.00",PAGO ENCHANCHE AUTOMOBIL VIRTUS SN FDO,003 RENTAS,003-10 Automovil / Camioneta,EGRESO,HOSPITAL,
CHETUMAL,9311-HOSP,30-dic-25,12 2025,2025,GASTO OFNA DE CAMPO,"$1,010.34",$161.66,"$1,172.00",ABASTEO (MATERIAL PARA INSTALACION TV SN FDO),003 COMPRAS,003-01 Mob y equip ofna,EGRESO,HOSPITAL,
CHETUMAL,9311-HOSP,30-dic-25,12 2025,2025,GASTO OFNA DE CAMPO,"$5,984.48",$957.52,"$6,942.00",HOME DEPOT (MESAS Y SILLAS OFNA CHETUMAL),003 COMPRAS,003-01 Mob y equip ofna,EGRESO,HOSPITAL,
CHETUMAL,9311-HOSP,30-dic-25,12 2025,2025,PAGO SOCIO,"$1,203,322.46","$192,531.59","$1,395,854.05",PRIMER PAGO FACTURA ARTEDI H CHETUMAL,007 SERVICIOS EXTERNOS ,007-04 Consultorias,EGRESO,HOSPITAL,
CHETUMAL,9311-HOSP,30-dic-25,12 2025,2025,GASTO OFNA DE CAMPO,$504.31,$80.69,$585.00,STEREN (CABLES PARA INSTALAR TV SN FDO),003 COMPRAS,003-01 Mob y equip ofna,EGRESO,HOSPITAL,
CHETUMAL,9311-HOSP,30-dic-25,12 2025,2025,GASTO OFNA DE CAMPO,$731.03,$116.96,$847.99,TELCEL (INTERNET) ,004 PAGO DE SERVICIOS,004-04 Internet,EGRESO,HOSPITAL,
CHETUMAL,9311-HOSP,30-dic-25,12 2025,2025,GASTO OFNA DE CAMPO,$731.03,$116.96,$847.99,TELCEL (INTERNET) ,004 PAGO DE SERVICIOS,004-04 Internet,EGRESO,HOSPITAL,
CHETUMAL,9311-HOSP,30-dic-25,12 2025,2025,GASTO OFNA DE CAMPO,"$1,360.28",$217.65,"$1,577.93",TELCEL (INTERNET) ,004 PAGO DE SERVICIOS,004-04 Internet,EGRESO,HOSPITAL,
CHETUMAL,9311-HOSP,30-dic-25,12 2025,2025,GASTO DE PERSONAL,"$6,597.41","$1,055.59","$7,653.00",VLO AEROMEX ARTURO,001 VIAJE,001-01 Pasajes de Avion,EGRESO,HOSPITAL,
CHETUMAL,9311-HOSP,30-dic-25,12 2025,2025,GASTO OFNA DE CAMPO,"$4,775.01",$764.00,"$5,539.01","WALMART (TV 40"" PARA ISSSTE SN FDO)",003 COMPRAS,003-01 Mob y equip ofna,EGRESO,HOSPITAL,
CHETUMAL,9311-HOSP,31-dic-25,12 2025,2025,CASETA MOBIL,"$9,000.00","$1,440.00","$10,440.00", ASESORES INMOBILIARIOS H CHETUMAL,003 RENTAS,003-02 Casetas,EGRESO,HOSPITAL,
CHETUMAL,9311-HOSP,31-dic-25,12 2025,2025,GASTO DE PERSONAL,$646.00,$104.00,$750.00,AARON DE AQUINO (PERSONAL ISSSTE),003 RENTAS,003-07 Equipo Celular,EGRESO,HOSPITAL,
CHETUMAL,9311-HOSP,31-dic-25,12 2025,2025,GASTO DE PERSONAL,$646.00,$104.00,$750.00,AARON DE AQUINO (PERSONAL ISSSTE),003 RENTAS,003-07 Equipo Celular,EGRESO,HOSPITAL,
CHETUMAL,9311-HOSP,31-dic-25,12 2025,2025,GASTO DE PERSONAL,"$5,570.35",,"$5,570.35",ANA VANESSA GARCIA CARBALLO,002 NOMINA,002-02 DDP,EGRESO,HOSPITAL,
CHETUMAL,9311-HOSP,31-dic-25,12 2025,2025,GASTO DE PERSONAL,"$4,823.00",$771.68,"$5,594.68",ANA VANESSA GARCIA CARBALLO,002 NOMINA,002-01 Asimilados,EGRESO,HOSPITAL,
CHETUMAL,9311-HOSP,31-dic-25,12 2025,2025,GASTO DE PERSONAL,$646.00,$104.00,$750.00,ANA VANESSA GARCIA CARBALLO,003 RENTAS,003-07 Equipo Celular,EGRESO,HOSPITAL,
CHETUMAL,9311-HOSP,31-dic-25,12 2025,2025,GASTO DE PERSONAL,"$1,294.00",$206.00,"$1,500.00",ANA VANESSA GARCIA CARBALLO,003 RENTAS,003-09 Equipo de Computo,EGRESO,HOSPITAL,
CHETUMAL,9311-HOSP,31-dic-25,12 2025,2025,GASTO DE PERSONAL,"$9,358.58",,"$9,358.58",ARTURO GUERRA ZUÑIGA,002 NOMINA,002-02 DDP,EGRESO,HOSPITAL,
CHETUMAL,9311-HOSP,31-dic-25,12 2025,2025,GASTO DE PERSONAL,"$23,911.20","$3,825.79","$27,736.99",ARTURO GUERRA ZUÑIGA,002 NOMINA,002-01 Asimilados,EGRESO,HOSPITAL,
CHETUMAL,9311-HOSP,31-dic-25,12 2025,2025,GASTO DE PERSONAL,"$4,679.29",,"$4,679.29",ARTURO GUERRA ZUÑIGA,002 NOMINA,002-03 DDP Aguinaldo,EGRESO,HOSPITAL,
CHETUMAL,9311-HOSP,31-dic-25,12 2025,2025,GASTO DE PERSONAL,"$11,955.60","$1,912.90","$13,868.50",ARTURO GUERRA ZUÑIGA,002 NOMINA,002-02 Asimilados Aguinaldo,EGRESO,HOSPITAL,
CHETUMAL,9311-HOSP,31-dic-25,12 2025,2025,GASTO DE PERSONAL,$646.00,$104.00,$750.00,ARTURO GUERRA ZUÑIGA,003 RENTAS,003-07 Equipo Celular,EGRESO,HOSPITAL,
CHETUMAL,9311-HOSP,31-dic-25,12 2025,2025,GASTO DE PERSONAL,"$1,294.00",$206.00,"$1,500.00",ARTURO GUERRA ZUÑIGA,003 RENTAS,003-09 Equipo de Computo,EGRESO,HOSPITAL,
CHETUMAL,9311-GUARD,31-dic-25,12 2025,2025,GASTO DE PERSONAL,"$1,663.04",,"$1,663.04",ARTURO GUERRA ZUÑIGA,002 NOMINA,002-02 DDP,EGRESO,ESTANCIA,
CHETUMAL,9311-GUARD,31-dic-25,12 2025,2025,GASTO DE PERSONAL,"$5,248.80",$839.81,"$6,088.61",ARTURO GUERRA ZUÑIGA,002 NOMINA,002-01 Asimilados,EGRESO,ESTANCIA,
CHETUMAL,9311-GUARD,31-dic-25,12 2025,2025,GASTO DE PERSONAL,"$1,663.04",,"$1,663.04",ARTURO GUERRA ZUÑIGA,002 NOMINA,002-03 DDP Aguinaldo,EGRESO,ESTANCIA,
CHETUMAL,9311-GUARD,31-dic-25,12 2025,2025,GASTO DE PERSONAL,"$5,248.80",$839.81,"$6,088.61",ARTURO GUERRA ZUÑIGA,002 NOMINA,002-02 Asimilados Aguinaldo,EGRESO,ESTANCIA,
CHETUMAL,9311-GUARD,31-dic-25,12 2025,2025,GASTO DE PERSONAL,"$2,228.38",,"$2,228.38",ARTURO GUERRA ZUÑIGA,002 NOMINA,002-02 DDP,EGRESO,ESTANCIA,
CHETUMAL,9311-GUARD,31-dic-25,12 2025,2025,GASTO DE PERSONAL,"$5,248.80",$839.81,"$6,088.61",ARTURO GUERRA ZUÑIGA,002 NOMINA,002-01 Asimilados,EGRESO,ESTANCIA,
CHETUMAL,9311-HOSP,31-dic-25,12 2025,2025,GASTO DE PERSONAL,"$22,637.93","$3,622.07","$26,260.00",AUTODESK,003 RENTAS,005-04 Licencias,EGRESO,HOSPITAL,
CHETUMAL,9311-HOSP,31-dic-25,12 2025,2025,GASTO DE PERSONAL,"$22,637.93","$3,622.07","$26,260.00",AUTODESK,003 RENTAS,005-04 Licencias,EGRESO,HOSPITAL,
CHETUMAL,9311-HOSP,31-dic-25,12 2025,2025,GASTO DE PERSONAL,"$22,637.93","$3,622.07","$26,260.00",AUTODESK,003 RENTAS,005-04 Licencias,EGRESO,HOSPITAL,
CHETUMAL,9311-HOSP,31-dic-25,12 2025,2025,GASTO DE PERSONAL,"$22,637.93","$3,622.07","$26,260.00",AUTODESK,003 RENTAS,005-04 Licencias,EGRESO,HOSPITAL,
CHETUMAL,9311-HOSP,31-dic-25,12 2025,2025,TRANSPORTE,"$1,208.97",$193.43,"$1,402.40",CAVI (IAVE),006 AUTOS,006-2 Peajes,EGRESO,HOSPITAL,
CHETUMAL,9311-HOSP,31-dic-25,12 2025,2025,PAGO SOCIO,"$802,214.97","$128,354.40","$930,569.37",COMPLEMENTO FACTURA ARTEDI,007 SERVICIOS EXTERNOS ,007-04 Consultorias,EGRESO,HOSPITAL,
CHETUMAL,9311-HOSP,31-dic-25,12 2025,2025,GASTO DE PERSONAL,$646.00,$104.00,$750.00,EDGAR JIMENEZ (PERSONA ISSSTE),003 RENTAS,003-07 Equipo Celular,EGRESO,HOSPITAL,
CHETUMAL,9311-HOSP,31-dic-25,12 2025,2025,TRANSPORTE,"$7,026.07","$1,124.17","$8,150.24",EFECTIVALE,006 AUTOS,006-01 Combustible,EGRESO,HOSPITAL,
CHETUMAL,9311-HOSP,31-dic-25,12 2025,2025,GASTO DE PERSONAL,"$9,358.58",,"$9,358.58",EMMANUEL PACHECO PEREZ,002 NOMINA,002-02 DDP,EGRESO,HOSPITAL,
CHETUMAL,9311-HOSP,31-dic-25,12 2025,2025,GASTO DE PERSONAL,"$10,169.64","$1,627.14","$11,796.78",EMMANUEL PACHECO PEREZ,002 NOMINA,002-01 Asimilados,EGRESO,HOSPITAL,
CHETUMAL,9311-HOSP,31-dic-25,12 2025,2025,GASTO DE PERSONAL,"$4,679.29",,"$4,679.29",EMMANUEL PACHECO PEREZ,002 NOMINA,002-03 DDP Aguinaldo,EGRESO,HOSPITAL,
CHETUMAL,9311-HOSP,31-dic-25,12 2025,2025,GASTO DE PERSONAL,"$5,084.82",$813.57,"$5,898.39",EMMANUEL PACHECO PEREZ,002 NOMINA,002-02 Asimilados Aguinaldo,EGRESO,HOSPITAL,
CHETUMAL,9311-HOSP,31-dic-25,12 2025,2025,GASTO DE PERSONAL,$646.00,$104.00,$750.00,EMMANUEL PACHECO PEREZ,003 RENTAS,003-07 Equipo Celular,EGRESO,HOSPITAL,
CHETUMAL,9311-HOSP,31-dic-25,12 2025,2025,GASTO DE PERSONAL,"$1,294.00",$206.00,"$1,500.00",EMMANUEL PACHECO PEREZ,003 RENTAS,003-09 Equipo de Computo,EGRESO,HOSPITAL,
CHETUMAL,9311-GUARD,31-dic-25,12 2025,2025,GASTO DE PERSONAL,"$1,663.04",,"$1,663.04",EMMANUEL PACHECO PEREZ,002 NOMINA,002-02 DDP,EGRESO,ESTANCIA,
CHETUMAL,9311-GUARD,31-dic-25,12 2025,2025,GASTO DE PERSONAL,"$2,232.36",$357.18,"$2,589.54",EMMANUEL PACHECO PEREZ,002 NOMINA,002-01 Asimilados,EGRESO,ESTANCIA,
CHETUMAL,9311-GUARD,31-dic-25,12 2025,2025,GASTO DE PERSONAL,"$1,663.04",,"$1,663.04",EMMANUEL PACHECO PEREZ,002 NOMINA,002-03 DDP Aguinaldo,EGRESO,ESTANCIA,
CHETUMAL,9311-GUARD,31-dic-25,12 2025,2025,GASTO DE PERSONAL,"$2,232.36",$357.18,"$2,589.54",EMMANUEL PACHECO PEREZ,002 NOMINA,002-02 Asimilados Aguinaldo,EGRESO,ESTANCIA,
CHETUMAL,9311-GUARD,31-dic-25,12 2025,2025,GASTO DE PERSONAL,"$2,228.38",,"$2,228.38",EMMANUEL PACHECO PEREZ,002 NOMINA,002-02 DDP,EGRESO,ESTANCIA,
CHETUMAL,9311-GUARD,31-dic-25,12 2025,2025,GASTO DE PERSONAL,"$2,232.36",$357.18,"$2,589.54",EMMANUEL PACHECO PEREZ,002 NOMINA,002-01 Asimilados,EGRESO,ESTANCIA,
CHETUMAL,9311-HOSP,31-dic-25,12 2025,2025,GASTO DE PERSONAL,"$9,358.58",,"$9,358.58",GILIBALDO GARCIA CASTILLO,002 NOMINA,002-02 DDP,EGRESO,HOSPITAL,
CHETUMAL,9311-HOSP,31-dic-25,12 2025,2025,GASTO DE PERSONAL,"$13,886.00","$2,221.76","$16,107.76",GILIBALDO GARCIA CASTILLO,002 NOMINA,002-01 Asimilados,EGRESO,HOSPITAL,
CHETUMAL,9311-HOSP,31-dic-25,12 2025,2025,GASTO DE PERSONAL,"$1,235.52",,"$1,235.52",GILIBALDO GARCIA CASTILLO,002 NOMINA,002-03 DDP Aguinaldo,EGRESO,HOSPITAL,
CHETUMAL,9311-HOSP,31-dic-25,12 2025,2025,GASTO DE PERSONAL,"$1,635.95",$261.75,"$1,897.70",GILIBALDO GARCIA CASTILLO,002 NOMINA,002-02 Asimilados Aguinaldo,EGRESO,HOSPITAL,
CHETUMAL,9311-HOSP,31-dic-25,12 2025,2025,GASTO DE PERSONAL,$646.00,$104.00,$750.00,GILIBALDO GARCIA CASTILLO,003 RENTAS,003-07 Equipo Celular,EGRESO,HOSPITAL,
CHETUMAL,9311-HOSP,31-dic-25,12 2025,2025,GASTO DE PERSONAL,"$1,294.00",$206.00,"$1,500.00",GILIBALDO GARCIA CASTILLO,003 RENTAS,003-09 Equipo de Computo,EGRESO,HOSPITAL,
CHETUMAL,9311-HOSP,31-dic-25,12 2025,2025,GASTO DE PERSONAL,"$5,570.35",,"$5,570.35",ISABEL PEREZ CRUZ,002 NOMINA,002-02 DDP,EGRESO,HOSPITAL,
CHETUMAL,9311-HOSP,31-dic-25,12 2025,2025,GASTO DE PERSONAL,"$5,883.00",$941.28,"$6,824.28",ISABEL PEREZ CRUZ,002 NOMINA,002-01 Asimilados,EGRESO,HOSPITAL,
CHETUMAL,9311-HOSP,31-dic-25,12 2025,2025,GASTO DE PERSONAL,$646.00,$104.00,$750.00,ISABEL PEREZ CRUZ,003 RENTAS,003-07 Equipo Celular,EGRESO,HOSPITAL,
CHETUMAL,9311-HOSP,31-dic-25,12 2025,2025,GASTO DE PERSONAL,"$1,294.00",$206.00,"$1,500.00",ISABEL PEREZ CRUZ,003 RENTAS,003-09 Equipo de Computo,EGRESO,HOSPITAL,
CHETUMAL,9311-HOSP,31-dic-25,12 2025,2025,BIOMEDICO,"$9,358.58",,"$9,358.58",IVAN CARRILLO PAUL,002 NOMINA,002-02 DDP,EGRESO,HOSPITAL,
CHETUMAL,9311-HOSP,31-dic-25,12 2025,2025,BIOMEDICO,"$22,366.00","$21,100.00","$25,944.56",IVAN CARRILLO PAUL,002 NOMINA,002-01 Asimilados,EGRESO,HOSPITAL,
CHETUMAL,9311-HOSP,31-dic-25,12 2025,2025,BIOMEDICO,$873.00,,$873.00,IVAN CARRILLO PAUL,002 NOMINA,002-03 DDP Aguinaldo,EGRESO,HOSPITAL,
CHETUMAL,9311-HOSP,31-dic-25,12 2025,2025,BIOMEDICO,"$1,860.04",$297.61,"$2,157.65",IVAN CARRILLO PAUL,002 NOMINA,002-02 Asimilados Aguinaldo,EGRESO,HOSPITAL,
CHETUMAL,9311-HOSP,31-dic-25,12 2025,2025,GASTO DE PERSONAL,"$9,358.58",,"$9,358.58",JESUS LEONARDO VELAZQUEZ ROCHA ,002 NOMINA,002-02 DDP,EGRESO,HOSPITAL,
CHETUMAL,9311-HOSP,31-dic-25,12 2025,2025,GASTO DE PERSONAL,"$12,168.80","$1,947.01","$14,115.81",JESUS LEONARDO VELAZQUEZ ROCHA ,002 NOMINA,002-01 Asimilados,EGRESO,HOSPITAL,
CHETUMAL,9311-HOSP,31-dic-25,12 2025,2025,GASTO DE PERSONAL,"$4,679.29",,"$4,679.29",JESUS LEONARDO VELAZQUEZ ROCHA ,002 NOMINA,002-03 DDP Aguinaldo,EGRESO,HOSPITAL,
CHETUMAL,9311-HOSP,31-dic-25,12 2025,2025,GASTO DE PERSONAL,"$6,084.40",$973.50,"$7,057.90",JESUS LEONARDO VELAZQUEZ ROCHA ,002 NOMINA,002-02 Asimilados Aguinaldo,EGRESO,HOSPITAL,
CHETUMAL,9311-HOSP,31-dic-25,12 2025,2025,GASTO DE PERSONAL,$646.00,$104.00,$750.00,JESUS LEONARDO VELAZQUEZ ROCHA ,003 RENTAS,003-07 Equipo Celular,EGRESO,HOSPITAL,
CHETUMAL,9311-HOSP,31-dic-25,12 2025,2025,GASTO DE PERSONAL,"$1,294.00",$206.00,"$1,500.00",JESUS LEONARDO VELAZQUEZ ROCHA ,003 RENTAS,003-09 Equipo de Computo,EGRESO,HOSPITAL,
CHETUMAL,9311-GUARD,31-dic-25,12 2025,2025,GASTO DE PERSONAL,"$1,663.04",,"$1,663.04",JESUS LEONARDO VELAZQUEZ ROCHA ,002 NOMINA,002-02 DDP,EGRESO,ESTANCIA,
CHETUMAL,9311-GUARD,31-dic-25,12 2025,2025,GASTO DE PERSONAL,"$2,671.20",$427.39,"$3,098.59",JESUS LEONARDO VELAZQUEZ ROCHA ,002 NOMINA,002-01 Asimilados,EGRESO,ESTANCIA,
CHETUMAL,9311-GUARD,31-dic-25,12 2025,2025,GASTO DE PERSONAL,"$1,663.04",,"$1,663.04",JESUS LEONARDO VELAZQUEZ ROCHA ,002 NOMINA,002-03 DDP Aguinaldo,EGRESO,ESTANCIA,
CHETUMAL,9311-GUARD,31-dic-25,12 2025,2025,GASTO DE PERSONAL,"$2,671.20",$427.39,"$3,098.59",JESUS LEONARDO VELAZQUEZ ROCHA ,002 NOMINA,002-02 Asimilados Aguinaldo,EGRESO,ESTANCIA,
CHETUMAL,9311-GUARD,31-dic-25,12 2025,2025,GASTO DE PERSONAL,"$2,228.38",,"$2,228.38",JESUS LEONARDO VELAZQUEZ ROCHA ,002 NOMINA,002-02 DDP,EGRESO,ESTANCIA,
CHETUMAL,9311-GUARD,31-dic-25,12 2025,2025,GASTO DE PERSONAL,"$2,671.20",$427.39,"$3,098.59",JESUS LEONARDO VELAZQUEZ ROCHA ,002 NOMINA,002-01 Asimilados,EGRESO,ESTANCIA,
CHETUMAL,9311-HOSP,31-dic-25,12 2025,2025,GASTO DE PERSONAL,"$9,358.58",,"$9,358.58",JORGE RUPERTO DURAN OJEDA,002 NOMINA,002-02 DDP,EGRESO,HOSPITAL,
CHETUMAL,9311-HOSP,31-dic-25,12 2025,2025,GASTO DE PERSONAL,"$9,646.00","$1,543.36","$11,189.36",JORGE RUPERTO DURAN OJEDA,002 NOMINA,002-01 Asimilados,EGRESO,HOSPITAL,
CHETUMAL,9311-HOSP,31-dic-25,12 2025,2025,GASTO DE PERSONAL,"$1,278.59",,"$1,278.59",JORGE RUPERTO DURAN OJEDA,002 NOMINA,002-03 DDP Aguinaldo,EGRESO,HOSPITAL,
CHETUMAL,9311-HOSP,31-dic-25,12 2025,2025,GASTO DE PERSONAL,"$4,823.00",$771.68,"$1,364.27",JORGE RUPERTO DURAN OJEDA,002 NOMINA,002-02 Asimilados Aguinaldo,EGRESO,HOSPITAL,
CHETUMAL,9311-HOSP,31-dic-25,12 2025,2025,GASTO DE PERSONAL,$646.00,$104.00,$750.00,JORGE RUPERTO DURAN OJEDA,003 RENTAS,003-07 Equipo Celular,EGRESO,HOSPITAL,
CHETUMAL,9311-HOSP,31-dic-25,12 2025,2025,GASTO DE PERSONAL,"$1,294.00",$206.00,"$1,500.00",JORGE RUPERTO DURAN OJEDA,003 RENTAS,003-09 Equipo de Computo,EGRESO,HOSPITAL,
CHETUMAL,9311-GUARD,31-dic-25,12 2025,2025,GASTO DE PERSONAL,"$9,358.58",,"$9,358.58",JOSE LUIS CANO CAT,002 NOMINA,002-02 DDP,EGRESO,ESTANCIA,
CHETUMAL,9311-GUARD,31-dic-25,12 2025,2025,GASTO DE PERSONAL,"$13,886.00","$13,100.00","$16,107.76",JOSE LUIS CANO CAT,002 NOMINA,002-01 Asimilados,EGRESO,ESTANCIA,
CHETUMAL,9311-GUARD,31-dic-25,12 2025,2025,GASTO DE PERSONAL,$646.00,$104.00,$750.00,JOSE LUIS CANO CAT,003 RENTAS,003-07 Equipo Celular,EGRESO,ESTANCIA,
CHETUMAL,9311-GUARD,31-dic-25,12 2025,2025,GASTO DE PERSONAL,"$1,294.00",$206.00,"$1,500.00",JOSE LUIS CANO CAT,003 RENTAS,003-09 Equipo de Computo,EGRESO,ESTANCIA,
CHETUMAL,9311-GUARD,31-dic-25,12 2025,2025,GASTO DE PERSONAL,"$9,358.58",,"$9,358.58",JOSE LUIS CANO CAT,002 NOMINA,002-03 DDP Aguinaldo,EGRESO,ESTANCIA,
CHETUMAL,9311-GUARD,31-dic-25,12 2025,2025,GASTO DE PERSONAL,"$13,886.00","$13,100.00","$16,107.76",JOSE LUIS CANO CAT,002 NOMINA,002-02 Asimilados Aguinaldo,EGRESO,ESTANCIA,
CHETUMAL,9311-GUARD,31-dic-25,12 2025,2025,GASTO DE PERSONAL,"$11,141.89",,"$11,141.89",JOSE LUIS CANO CAT,002 NOMINA,002-02 DDP,EGRESO,ESTANCIA,
CHETUMAL,9311-GUARD,31-dic-25,12 2025,2025,GASTO DE PERSONAL,"$13,886.00","$13,100.00","$16,107.76",JOSE LUIS CANO CAT,002 NOMINA,002-01 Asimilados,EGRESO,ESTANCIA,
CHETUMAL,9311-HOSP,31-dic-25,12 2025,2025,GASTO DE PERSONAL,"$1,294.00",$206.00,"$1,500.00",MONICA DE LUCERO (PERSONAL ISSSTE),003 RENTAS,003-09 Equipo de Computo,EGRESO,HOSPITAL,
CHETUMAL,9311-HOSP,31-dic-25,12 2025,2025,GASTO DE PERSONAL,"$1,294.00",$206.00,"$1,500.00",MONICA DE LUCERO (PERSONAL ISSSTE),003 RENTAS,003-09 Equipo de Computo,EGRESO,HOSPITAL,
CHETUMAL,9311-HOSP,31-dic-25,12 2025,2025,INGRESO,"$776,110.30","$124,177.65","$900,287.95",PAGO FACTURA A0812 ,006 INGRESO,006-01 Pago fac sup,INGRESO,HOSPITAL,
CHETUMAL,9311-HOSP,31-dic-25,12 2025,2025,INGRESO,"$1,116,500.16","$178,640.03","$1,295,140.19",PAGO FACTURA A0813  ,006 INGRESO,006-01 Pago fac sup,INGRESO,HOSPITAL,
CHETUMAL,9311-HOSP,31-dic-25,12 2025,2025,INGRESO,"$1,527,096.46","$244,335.43","$1,771,431.89",PAGO FACTURA A0814 ,006 INGRESO,006-01 Pago fac sup,INGRESO,HOSPITAL,
CHETUMAL,9311-HOSP,31-dic-25,12 2025,2025,INGRESO,"$711,439.59","$113,830.33","$825,269.92",PAGO FACTURA A0815  ,006 INGRESO,006-01 Pago fac sup,INGRESO,HOSPITAL,
CHETUMAL,9311-GUARD,31-dic-25,12 2025,2025,PERSONAL ISSSTE SN FDO,"$24,300.00","$3,888.00","$28,188.00",PAGO FACTURA ALFA GRAINS  ,002 NOMINA,002-01 Asimilados,EGRESO,ESTANCIA,
CHETUMAL,9311-GUARD,31-dic-25,12 2025,2025,PERSONAL ISSSTE SN FDO,"$24,300.00","$3,888.00","$28,188.00",PAGO FACTURA ALFA GRAINS  ,002 NOMINA,002-01 Asimilados,EGRESO,ESTANCIA,
CHETUMAL,9311-HOSP,31-dic-25,12 2025,2025,GASTO DE PERSONAL,"$9,358.58",,"$9,358.58",YOSELI XIX TOLEDANO,002 NOMINA,002-02 DDP,EGRESO,HOSPITAL,
CHETUMAL,9311-HOSP,31-dic-25,12 2025,2025,GASTO DE PERSONAL,"$9,646.00","$1,543.36","$11,189.36",YOSELI XIX TOLEDANO,002 NOMINA,002-01 Asimilados,EGRESO,HOSPITAL,
CHETUMAL,9311-HOSP,31-dic-25,12 2025,2025,GASTO DE PERSONAL,$732.33,,$732.33,YOSELI XIX TOLEDANO,002 NOMINA,002-03 DDP Aguinaldo,EGRESO,HOSPITAL,
CHETUMAL,9311-HOSP,31-dic-25,12 2025,2025,GASTO DE PERSONAL,$739.66,$118.34,$858.00,YOSELI XIX TOLEDANO,002 NOMINA,002-02 Asimilados Aguinaldo,EGRESO,HOSPITAL,
CHETUMAL,9311-HOSP,31-dic-25,12 2025,2025,GASTO DE PERSONAL,$646.00,$104.00,$750.00,YOSELI XIX TOLEDANO,003 RENTAS,003-07 Equipo Celular,EGRESO,HOSPITAL,
CHETUMAL,9311-HOSP,31-dic-25,12 2025,2025,GASTO DE PERSONAL,"$1,294.00",$206.00,"$1,500.00",YOSELI XIX TOLEDANO,003 RENTAS,003-09 Equipo de Computo,EGRESO,HOSPITAL,
CHETUMAL,9311-HOSP,09-ene-26,01 2026,2026,GASTO OFNA DE CAMPO,"$15,000.00","$2,400.00","$17,400.00",ALICIA GABRIELA (RENTA CASA ARTURO),001 VIAJE,001-02 Hospedaje,EGRESO,HOSPITAL,
CHETUMAL,9311-HOSP,09-ene-26,01 2026,2026,CASETA MOBIL,"$8,426.00","$1,348.16","$9,774.16",SCOTSMAN (RENTA CAMPER CHETUMAL),003 RENTAS,003-02 Casetas,EGRESO,HOSPITAL,
CHETUMAL,9311-HOSP,15-ene-26,01 2026,2026,GASTO DE PERSONAL,"$1,293.10",$206.90,"$1,500.00",JESUS LEONARDO VELAZQUEZ ROCHA ,001 VIAJE,001-03 Viáticos,EGRESO,HOSPITAL,
CHETUMAL,9311-HOSP,16-ene-26,01 2026,2026,CAMARAS DE SEGURIDAD,"$6,363.67","$1,018.19","$7,381.86",EMANUEL EBRA INFORMACION CAMARAS,007 SERVICIOS EXTERNOS ,007-04 Consultorias,EGRESO,HOSPITAL,
CHETUMAL,9311-HOSP,16-ene-26,01 2026,2026,CAMARAS DE SEGURIDAD,"$3,053.12",$488.50,"$3,541.62",EMANUEL EBRA INFORMACION CAMARAS,007 SERVICIOS EXTERNOS ,007-04 Consultorias,EGRESO,HOSPITAL,
CHETUMAL,9311-HOSP,26-ene-26,01 2026,2026,GASTO OFNA DE CAMPO,"$10,344.83","$1,655.17","$12,000.00",DEPOSITO EN GARANTIA RENTA PARA OFICINA,003 RENTAS,003-02 Casetas,EGRESO,HOSPITAL,
CHETUMAL,9311-HOSP,28-ene-26,01 2026,2026,TRANSPORTE,"$10,344.83","$1,655.17","$12,000.00",AUTOMOVIL VW AUTOSUR (Gabino),003 RENTAS,003-10 Automovil / Camioneta,EGRESO,HOSPITAL,
CHETUMAL,9311-HOSP,28-ene-26,01 2026,2026,TRANSPORTE,"$10,344.83","$1,655.17","$12,000.00",AUTOMOVIL VW SAN FERNANDO,003 RENTAS,003-10 Automovil / Camioneta,EGRESO,HOSPITAL,
CHETUMAL,9311-HOSP,30-ene-26,01 2026,2026,GASTO DE PERSONAL,"$12,931.03","$2,068.97","$15,000.00",PAGO FACTURA CASA CHETUMAL,001 VIAJE,001-02 Hospedaje,EGRESO,HOSPITAL,
CHETUMAL,9311-HOSP,30-ene-26,01 2026,2026,GASTO DE PERSONAL,"$55,000.00","$8,800.00","$63,800.00",PAGO FACTURA CONSTRUTODO (ISSSTE),002 NOMINA,002-01 Asimilados,EGRESO,HOSPITAL,
CHETUMAL,9311-HOSP,31-ene-26,01 2026,2026,GASTO DE PERSONAL,$646.00,$104.00,$750.00,AARON DE AQUINO (PERSONAL ISSSTE),003 RENTAS,003-07 Equipo Celular,EGRESO,HOSPITAL,
CHETUMAL,9311-HOSP,31-ene-26,01 2026,2026,GASTO DE PERSONAL,$646.00,$104.00,$750.00,AARON DE AQUINO (PERSONAL ISSSTE),003 RENTAS,003-07 Equipo Celular,EGRESO,HOSPITAL,
CHETUMAL,9311-HOSP,31-ene-26,01 2026,2026,GASTO DE PERSONAL,$258.62,$41.38,$300.00,AEROMEXICO ARTURO,001 VIAJE,001-01 Pasajes de Avion,EGRESO,HOSPITAL,
CHETUMAL,9311-HOSP,31-ene-26,01 2026,2026,GASTO DE PERSONAL,"$3,202.59",$512.41,"$3,715.00",AEROMEXICO ARTURO,001 VIAJE,001-01 Pasajes de Avion,EGRESO,HOSPITAL,
CHETUMAL,9311-HOSP,31-ene-26,01 2026,2026,GASTO DE PERSONAL,"$5,883.00",$941.28,"$6,824.28",ALEJANDRO RAMIREZ CORDERO,002 NOMINA,002-01 Asimilados,EGRESO,HOSPITAL,
CHETUMAL,9311-HOSP,31-ene-26,01 2026,2026,GASTO DE PERSONAL,"$11,141.89",,"$11,141.89",ALEJANDRO RAMIREZ CORDERO,002 NOMINA,002-02 DDP,EGRESO,HOSPITAL,
CHETUMAL,9311-HOSP,31-ene-26,01 2026,2026,GASTO DE PERSONAL,$646.00,$104.00,$750.00,ALEJANDRO RAMIREZ CORDERO,003 RENTAS,003-07 Equipo Celular,EGRESO,HOSPITAL,
CHETUMAL,9311-HOSP,31-ene-26,01 2026,2026,GASTO DE PERSONAL,"$1,294.00",$206.00,"$1,500.00",ALEJANDRO RAMIREZ CORDERO,003 RENTAS,003-09 Equipo de Computo,EGRESO,HOSPITAL,
CHETUMAL,9311-HOSP,31-ene-26,01 2026,2026,GASTO DE PERSONAL,"$11,141.89",,"$11,141.89",ANA VANESSA GARCIA CARBALLO,002 NOMINA,002-02 DDP,EGRESO,HOSPITAL,
CHETUMAL,9311-HOSP,31-ene-26,01 2026,2026,GASTO DE PERSONAL,"$4,823.00",$771.68,"$5,594.68",ANA VANESSA GARCIA CARBALLO,002 NOMINA,002-01 Asimilados,EGRESO,HOSPITAL,
CHETUMAL,9311-HOSP,31-ene-26,01 2026,2026,GASTO DE PERSONAL,$646.00,$104.00,$750.00,ANA VANESSA GARCIA CARBALLO,003 RENTAS,003-07 Equipo Celular,EGRESO,HOSPITAL,
CHETUMAL,9311-HOSP,31-ene-26,01 2026,2026,GASTO DE PERSONAL,"$1,294.00",$206.00,"$1,500.00",ANA VANESSA GARCIA CARBALLO,003 RENTAS,003-09 Equipo de Computo,EGRESO,HOSPITAL,
CHETUMAL,9311-HOSP,31-ene-26,01 2026,2026,GASTO DE PERSONAL,"$8,913.51",,"$8,913.51",ARTURO GUERRA ZUÑIGA,002 NOMINA,002-02 DDP,EGRESO,HOSPITAL,
CHETUMAL,9311-HOSP,31-ene-26,01 2026,2026,GASTO DE PERSONAL,"$23,911.20","$3,825.79","$27,736.99",ARTURO GUERRA ZUÑIGA,002 NOMINA,002-01 Asimilados,EGRESO,HOSPITAL,
CHETUMAL,9311-HOSP,31-ene-26,01 2026,2026,GASTO DE PERSONAL,$646.00,$104.00,$750.00,ARTURO GUERRA ZUÑIGA,003 RENTAS,003-07 Equipo Celular,EGRESO,HOSPITAL,
CHETUMAL,9311-HOSP,31-ene-26,01 2026,2026,GASTO DE PERSONAL,"$1,294.00",$206.00,"$1,500.00",ARTURO GUERRA ZUÑIGA,003 RENTAS,003-09 Equipo de Computo,EGRESO,HOSPITAL,
CHETUMAL,9311-GUARD,31-ene-26,01 2026,2026,GASTO DE PERSONAL,"$1,663.04",,"$1,663.04",ARTURO GUERRA ZUÑIGA,002 NOMINA,002-02 DDP,EGRESO,ESTANCIA,
CHETUMAL,9311-GUARD,31-ene-26,01 2026,2026,GASTO DE PERSONAL,"$5,248.80",$839.81,"$6,088.61",ARTURO GUERRA ZUÑIGA,002 NOMINA,002-01 Asimilados,EGRESO,ESTANCIA,
CHETUMAL,9311-GUARD,31-ene-26,01 2026,2026,GASTO DE PERSONAL,"$2,228.38",,"$2,228.38",ARTURO GUERRA ZUÑIGA,002 NOMINA,002-02 DDP,EGRESO,ESTANCIA,
CHETUMAL,9311-GUARD,31-ene-26,01 2026,2026,GASTO DE PERSONAL,"$5,248.80",$839.81,"$6,088.61",ARTURO GUERRA ZUÑIGA,002 NOMINA,002-01 Asimilados,EGRESO,ESTANCIA,
CHETUMAL,9311-HOSP,31-ene-26,01 2026,2026,GASTO DE PERSONAL,$646.00,$104.00,$750.00,EDGAR JIMENEZ (PERSONA ISSSTE),003 RENTAS,003-07 Equipo Celular,EGRESO,HOSPITAL,
CHETUMAL,9311-HOSP,31-ene-26,01 2026,2026,TRANSPORTE,"$7,819.23","$1,251.08","$9,070.31",EFECTIVALE,006 AUTOS,006-01 Combustible,EGRESO,HOSPITAL,
CHETUMAL,9311-HOSP,31-ene-26,01 2026,2026,GASTO DE PERSONAL,"$8,913.51",,"$8,913.51",EMMANUEL PACHECO PEREZ,002 NOMINA,002-02 DDP,EGRESO,HOSPITAL,
CHETUMAL,9311-HOSP,31-ene-26,01 2026,2026,GASTO DE PERSONAL,"$10,169.64","$1,627.14","$11,796.78",EMMANUEL PACHECO PEREZ,002 NOMINA,002-01 Asimilados,EGRESO,HOSPITAL,
CHETUMAL,9311-HOSP,31-ene-26,01 2026,2026,GASTO DE PERSONAL,$646.00,$104.00,$750.00,EMMANUEL PACHECO PEREZ,003 RENTAS,003-07 Equipo Celular,EGRESO,HOSPITAL,
CHETUMAL,9311-HOSP,31-ene-26,01 2026,2026,GASTO DE PERSONAL,"$1,294.00",$206.00,"$1,500.00",EMMANUEL PACHECO PEREZ,003 RENTAS,003-09 Equipo de Computo,EGRESO,HOSPITAL,
CHETUMAL,9311-GUARD,31-ene-26,01 2026,2026,GASTO DE PERSONAL,"$1,663.04",,"$1,663.04",EMMANUEL PACHECO PEREZ,002 NOMINA,002-02 DDP,EGRESO,ESTANCIA,
CHETUMAL,9311-GUARD,31-ene-26,01 2026,2026,GASTO DE PERSONAL,"$2,232.36",$357.18,"$2,589.54",EMMANUEL PACHECO PEREZ,002 NOMINA,002-01 Asimilados,EGRESO,ESTANCIA,
CHETUMAL,9311-GUARD,31-ene-26,01 2026,2026,GASTO DE PERSONAL,"$2,228.38",,"$2,228.38",EMMANUEL PACHECO PEREZ,002 NOMINA,002-02 DDP,EGRESO,ESTANCIA,
CHETUMAL,9311-GUARD,31-ene-26,01 2026,2026,GASTO DE PERSONAL,"$2,232.36",$357.18,"$2,589.54",EMMANUEL PACHECO PEREZ,002 NOMINA,002-01 Asimilados,EGRESO,ESTANCIA,
CHETUMAL,9311-HOSP,31-ene-26,01 2026,2026,GASTO DE PERSONAL,"$11,141.89",,"$11,141.89",GILIBALDO GARCIA CASTILLO,002 NOMINA,002-02 DDP,EGRESO,HOSPITAL,
CHETUMAL,9311-HOSP,31-ene-26,01 2026,2026,GASTO DE PERSONAL,"$13,886.00","$2,221.76","$16,107.76",GILIBALDO GARCIA CASTILLO,002 NOMINA,002-01 Asimilados,EGRESO,HOSPITAL,
CHETUMAL,9311-HOSP,31-ene-26,01 2026,2026,GASTO DE PERSONAL,$646.00,$104.00,$750.00,GILIBALDO GARCIA CASTILLO,003 RENTAS,003-07 Equipo Celular,EGRESO,HOSPITAL,
CHETUMAL,9311-HOSP,31-ene-26,01 2026,2026,GASTO DE PERSONAL,"$1,294.00",$206.00,"$1,500.00",GILIBALDO GARCIA CASTILLO,003 RENTAS,003-09 Equipo de Computo,EGRESO,HOSPITAL,
CHETUMAL,9311-HOSP,31-ene-26,01 2026,2026,GASTO DE PERSONAL,"$3,768.27",$602.92,"$4,371.19",HOSPEDAJE,001 VIAJE,001-02 Hospedaje,EGRESO,HOSPITAL,
CHETUMAL,9311-HOSP,31-ene-26,01 2026,2026,GASTO DE PERSONAL,"$11,141.89",,"$11,141.89",ISABEL PEREZ CRUZ,002 NOMINA,002-02 DDP,EGRESO,HOSPITAL,
CHETUMAL,9311-HOSP,31-ene-26,01 2026,2026,GASTO DE PERSONAL,"$5,883.00",$941.28,"$6,824.28",ISABEL PEREZ CRUZ,002 NOMINA,002-01 Asimilados,EGRESO,HOSPITAL,
CHETUMAL,9311-HOSP,31-ene-26,01 2026,2026,GASTO DE PERSONAL,$646.00,$104.00,$750.00,ISABEL PEREZ CRUZ,003 RENTAS,003-07 Equipo Celular,EGRESO,HOSPITAL,
CHETUMAL,9311-HOSP,31-ene-26,01 2026,2026,GASTO DE PERSONAL,"$1,294.00",$206.00,"$1,500.00",ISABEL PEREZ CRUZ,003 RENTAS,003-09 Equipo de Computo,EGRESO,HOSPITAL,
CHETUMAL,9311-HOSP,31-ene-26,01 2026,2026,BIOMEDICO,"$11,141.89",,"$11,141.89",IVAN CARRILLO PAUL,002 NOMINA,002-02 DDP,EGRESO,HOSPITAL,
CHETUMAL,9311-HOSP,31-ene-26,01 2026,2026,BIOMEDICO,"$22,366.00","$21,100.00","$25,944.56",IVAN CARRILLO PAUL,002 NOMINA,002-01 Asimilados,EGRESO,HOSPITAL,
CHETUMAL,9311-HOSP,31-ene-26,01 2026,2026,GASTO DE PERSONAL,"$8,913.51",,"$8,913.51",JESUS LEONARDO VELAZQUEZ ROCHA ,002 NOMINA,002-02 DDP,EGRESO,HOSPITAL,
CHETUMAL,9311-HOSP,31-ene-26,01 2026,2026,GASTO DE PERSONAL,"$12,168.80","$1,947.01","$14,115.81",JESUS LEONARDO VELAZQUEZ ROCHA ,002 NOMINA,002-01 Asimilados,EGRESO,HOSPITAL,
CHETUMAL,9311-HOSP,31-ene-26,01 2026,2026,GASTO DE PERSONAL,$646.00,$104.00,$750.00,JESUS LEONARDO VELAZQUEZ ROCHA ,003 RENTAS,003-07 Equipo Celular,EGRESO,HOSPITAL,
CHETUMAL,9311-HOSP,31-ene-26,01 2026,2026,GASTO DE PERSONAL,"$1,294.00",$206.00,"$1,500.00",JESUS LEONARDO VELAZQUEZ ROCHA ,003 RENTAS,003-09 Equipo de Computo,EGRESO,HOSPITAL,
CHETUMAL,9311-GUARD,31-ene-26,01 2026,2026,GASTO DE PERSONAL,"$1,663.04",,"$1,663.04",JESUS LEONARDO VELAZQUEZ ROCHA ,002 NOMINA,002-02 DDP,EGRESO,ESTANCIA,
CHETUMAL,9311-GUARD,31-ene-26,01 2026,2026,GASTO DE PERSONAL,"$2,671.20",$427.39,"$3,098.59",JESUS LEONARDO VELAZQUEZ ROCHA ,002 NOMINA,002-01 Asimilados,EGRESO,ESTANCIA,
CHETUMAL,9311-GUARD,31-ene-26,01 2026,2026,GASTO DE PERSONAL,"$2,228.38",,"$2,228.38",JESUS LEONARDO VELAZQUEZ ROCHA ,002 NOMINA,002-02 DDP,EGRESO,ESTANCIA,
CHETUMAL,9311-GUARD,31-ene-26,01 2026,2026,GASTO DE PERSONAL,"$2,671.20",$427.39,"$3,098.59",JESUS LEONARDO VELAZQUEZ ROCHA ,002 NOMINA,002-01 Asimilados,EGRESO,ESTANCIA,
CHETUMAL,9311-HOSP,31-ene-26,01 2026,2026,GASTO DE PERSONAL,"$11,141.89",,"$11,141.89",JORGE RUPERTO DURAN OJEDA,002 NOMINA,002-02 DDP,EGRESO,HOSPITAL,
CHETUMAL,9311-HOSP,31-ene-26,01 2026,2026,GASTO DE PERSONAL,"$9,646.00","$1,543.36","$11,189.36",JORGE RUPERTO DURAN OJEDA,002 NOMINA,002-01 Asimilados,EGRESO,HOSPITAL,
CHETUMAL,9311-HOSP,31-ene-26,01 2026,2026,GASTO DE PERSONAL,$646.00,$104.00,$750.00,JORGE RUPERTO DURAN OJEDA,003 RENTAS,003-07 Equipo Celular,EGRESO,HOSPITAL,
CHETUMAL,9311-HOSP,31-ene-26,01 2026,2026,GASTO DE PERSONAL,"$1,294.00",$206.00,"$1,500.00",JORGE RUPERTO DURAN OJEDA,003 RENTAS,003-09 Equipo de Computo,EGRESO,HOSPITAL,
CHETUMAL,9311-GUARD,31-ene-26,01 2026,2026,GASTO DE PERSONAL,$646.00,$104.00,$750.00,JOSE LUIS CANO CAT,003 RENTAS,003-07 Equipo Celular,EGRESO,ESTANCIA,
CHETUMAL,9311-GUARD,31-ene-26,01 2026,2026,GASTO DE PERSONAL,"$1,294.00",$206.00,"$1,500.00",JOSE LUIS CANO CAT,003 RENTAS,003-09 Equipo de Computo,EGRESO,ESTANCIA,
CHETUMAL,9311-GUARD,31-ene-26,01 2026,2026,GASTO DE PERSONAL,"$9,358.58",,"$9,358.58",JOSE LUIS CANO CAT,002 NOMINA,002-02 DDP,EGRESO,ESTANCIA,
CHETUMAL,9311-GUARD,31-ene-26,01 2026,2026,GASTO DE PERSONAL,"$13,886.00","$13,100.00","$16,107.76",JOSE LUIS CANO CAT,002 NOMINA,002-01 Asimilados,EGRESO,ESTANCIA,
CHETUMAL,9311-GUARD,31-ene-26,01 2026,2026,GASTO DE PERSONAL,"$11,141.89",,"$11,141.89",JOSE LUIS CANO CAT,002 NOMINA,002-02 DDP,EGRESO,ESTANCIA,
CHETUMAL,9311-GUARD,31-ene-26,01 2026,2026,GASTO DE PERSONAL,"$13,886.00","$13,100.00","$16,107.76",JOSE LUIS CANO CAT,002 NOMINA,002-01 Asimilados,EGRESO,ESTANCIA,
CHETUMAL,9311-GUARD,31-ene-26,01 2026,2026,GASTO DE PERSONAL,$646.00,$104.00,$750.00,JOSE LUIS CANO CAT,003 RENTAS,003-07 Equipo Celular,EGRESO,ESTANCIA,
CHETUMAL,9311-GUARD,31-ene-26,01 2026,2026,GASTO DE PERSONAL,"$1,294.00",$206.00,"$1,500.00",JOSE LUIS CANO CAT,003 RENTAS,003-09 Equipo de Computo,EGRESO,ESTANCIA,
CHETUMAL,9311-HOSP,31-ene-26,01 2026,2026,GASTO DE PERSONAL,"$1,294.00",$206.00,"$1,500.00",MONICA DE LUCERO (PERSONAL ISSSTE),003 RENTAS,003-09 Equipo de Computo,EGRESO,HOSPITAL,
CHETUMAL,9311-HOSP,31-ene-26,01 2026,2026,GASTO DE PERSONAL,"$1,294.00",$206.00,"$1,500.00",MONICA DE LUCERO (PERSONAL ISSSTE),003 RENTAS,003-09 Equipo de Computo,EGRESO,HOSPITAL,
CHETUMAL,9311-HOSP,31-ene-26,01 2026,2026,GASTO DE PERSONAL,"$6,550.86","$1,048.14","$7,599.00",OFFICE DEPOT,003 COMPRAS,003-06 Papelería,EGRESO,HOSPITAL,
CHETUMAL,9311-HOSP,31-ene-26,01 2026,2026,GASTO DE PERSONAL,"$1,171.55",$187.45,"$1,359.00",OFFICE MAX,003 COMPRAS,003-06 Papelería,EGRESO,HOSPITAL,
CHETUMAL,9311-HOSP,31-ene-26,01 2026,2026,GASTO DE PERSONAL,$720.68,$115.31,$835.99,OFFICE MAX,003 COMPRAS,003-06 Papelería,EGRESO,HOSPITAL,
CHETUMAL,9311-HOSP,31-ene-26,01 2026,2026,PERSONAL ISSSTE SN FDO,"$145,000.00","$23,200.00","$168,200.00",PAGO FAC CONSTRUTODO,002 NOMINA,002-01 Asimilados,EGRESO,HOSPITAL,
CHETUMAL,9311-GUARD,31-ene-26,01 2026,2026,PERSONAL ISSSTE SN FDO,"$24,300.00","$3,888.00","$28,188.00",PAGO FACTURA ALFA GRAINS  ,002 NOMINA,002-01 Asimilados,EGRESO,ESTANCIA,
CHETUMAL,9311-GUARD,31-ene-26,01 2026,2026,PERSONAL ISSSTE SN FDO,"$24,300.00","$3,888.00","$28,188.00",PAGO FACTURA ALFA GRAINS  ,002 NOMINA,002-01 Asimilados,EGRESO,ESTANCIA,
CHETUMAL,9311-HOSP,31-ene-26,01 2026,2026,GASTO OFNA DE CAMPO,"$1,369.83",$219.17,"$1,589.00",STEREN (CABLES PARA INSTALAR TV SN FDO),003 COMPRAS,003-01 Mob y equip ofna,EGRESO,HOSPITAL,
CHETUMAL,9311-HOSP,31-ene-26,01 2026,2026,GASTO OFNA DE CAMPO,$731.03,$116.96,$847.99,TELCEL (INTERNET) ,004 PAGO DE SERVICIOS,004-04 Internet,EGRESO,HOSPITAL,
CHETUMAL,9311-HOSP,31-ene-26,01 2026,2026,GASTO OFNA DE CAMPO,$731.03,$116.96,$847.99,TELCEL (INTERNET) ,004 PAGO DE SERVICIOS,004-04 Internet,EGRESO,HOSPITAL,
CHETUMAL,9311-HOSP,31-ene-26,01 2026,2026,GASTO DE PERSONAL,"$11,141.89",,"$11,141.89",YOSELI XIX TOLEDANO,002 NOMINA,002-02 DDP,EGRESO,HOSPITAL,
CHETUMAL,9311-HOSP,31-ene-26,01 2026,2026,GASTO DE PERSONAL,"$9,646.00","$1,543.36","$11,189.36",YOSELI XIX TOLEDANO,002 NOMINA,002-01 Asimilados,EGRESO,HOSPITAL,
CHETUMAL,9311-HOSP,31-ene-26,01 2026,2026,GASTO DE PERSONAL,$646.00,$104.00,$750.00,YOSELI XIX TOLEDANO,003 RENTAS,003-07 Equipo Celular,EGRESO,HOSPITAL,
CHETUMAL,9311-HOSP,31-ene-26,01 2026,2026,GASTO DE PERSONAL,"$1,294.00",$206.00,"$1,500.00",YOSELI XIX TOLEDANO,003 RENTAS,003-09 Equipo de Computo,EGRESO,HOSPITAL,
CHETUMAL,9311-HOSP,04-feb-26,02 2026,2026,GASTO DE PERSONAL,"$4,827.59",$772.41,"$5,600.00",ARTURO GUERRA ZUÑIGA,001 VIAJE,001-03 Viáticos,EGRESO,HOSPITAL,
CHETUMAL,9311-HOSP,04-feb-26,02 2026,2026,GASTO DE PERSONAL,"$2,586.21",$413.79,"$3,000.00",ARTURO GUERRA ZUÑIGA,001 VIAJE,001-03 Viáticos,EGRESO,HOSPITAL,
CHETUMAL,9311-HOSP,06-feb-26,02 2026,2026,CASETA MOBIL,"$9,000.00","$1,440.00","$10,440.00", ASESORES INMOBILIARIOS H CHETUMAL,003 RENTAS,003-02 Casetas,EGRESO,HOSPITAL,
CHETUMAL,9311-HOSP,06-feb-26,02 2026,2026,GASTO OFNA DE CAMPO,"$15,250.00","$2,440.00","$17,690.00",ALICIA GABRIELA (RENTA CASA ARTURO),001 VIAJE,001-02 Hospedaje,EGRESO,HOSPITAL,
CHETUMAL,9311-HOSP,06-feb-26,02 2026,2026,GASTO OFNA DE CAMPO,"$10,767.24","$1,722.76","$12,490.00",DEPOSITO EN GARANTIA RENTA PARA OFICINA,003 RENTAS,003-02 Casetas,EGRESO,HOSPITAL,
CHETUMAL,9311-HOSP,09-feb-26,02 2026,2026,CASETA MOBIL,"$8,426.00","$1,348.16","$9,774.16",SCOTSMAN (RENTA CAMPER CHETUMAL),003 RENTAS,003-02 Casetas,EGRESO,HOSPITAL,
CHETUMAL,9311-HOSP,12-feb-26,02 2026,2026,ANALISTA ISSSTE (CONCURSO),"$4,310.34",$689.66,"$5,000.00",ADELAIDO PASTRANA DE LA CRUZ,007 SERVICIOS EXTERNOS ,007-04 Consultorias,EGRESO,HOSPITAL,
CHETUMAL,9311-HOSP,13-feb-26,02 2026,2026,PERSONAL RESIDENTE,"$12,931.03","$2,068.97","$15,000.00",JORGE VIRGILIO GIL,007 SERVICIOS EXTERNOS ,007-04 Consultorias,EGRESO,HOSPITAL,
CHETUMAL,9311-HOSP,13-feb-26,02 2026,2026,GASTO DE PERSONAL,"$5,679.00",$908.64,"$6,587.64",PAGO FACTURA BURMESTER TONERS ISSSTE,003 COMPRAS,003-06 Papelería,EGRESO,HOSPITAL,
CHETUMAL,9311-HOSP,13-feb-26,02 2026,2026,GASTO OFNA DE CAMPO,"$3,540.00",$566.40,"$4,106.40",PAGO FACTURA CASI DE TODO PAPELERIA ISSSTE,003 COMPRAS,003-06 Papelería,EGRESO,HOSPITAL,
CHETUMAL,9311-HOSP,13-feb-26,02 2026,2026,CASETA MOBIL,"$8,426.00","$1,348.16","$9,774.16",SCOTSMAN (RENTA CAMPER CHETUMAL),003 RENTAS,003-02 Casetas,EGRESO,HOSPITAL,
CHETUMAL,9311-HOSP,18-feb-26,02 2026,2026,GASTO OFNA DE CAMPO,"$2,586.21",$413.79,"$3,000.00",JESUS LEONARDO VELAZQUEZ ROCHA ,003 COMPRAS,003-06 Papelería,EGRESO,HOSPITAL,
CHETUMAL,9311-HOSP,20-feb-26,02 2026,2026,ANALISTA ISSSTE (CONCURSO),"$4,310.34",$689.66,"$5,000.00",ADELAIDO PASTRANA DE LA CRUZ,007 SERVICIOS EXTERNOS ,007-04 Consultorias,EGRESO,HOSPITAL,
CHETUMAL,9311-HOSP,20-feb-26,02 2026,2026,CAMARAS DE SEGURIDAD,"$3,053.12",$488.50,"$3,541.62",EMANUEL EBRA INFORMACION CAMARAS,007 SERVICIOS EXTERNOS ,007-04 Consultorias,EGRESO,HOSPITAL,
CHETUMAL,9311-HOSP,20-feb-26,02 2026,2026,CAMARAS DE SEGURIDAD,"$6,363.67","$1,018.19","$7,381.86",EMANUEL EBRA INFORMACION CAMARAS,007 SERVICIOS EXTERNOS ,007-04 Consultorias,EGRESO,HOSPITAL,
CHETUMAL,9311-HOSP,25-feb-26,02 2026,2026,GASTO DE PERSONAL,"$4,229.47",$676.72,"$4,906.19",ARTURO GUERRA ZUÑIGA,001 VIAJE,001-03 Viáticos,EGRESO,HOSPITAL,
CHETUMAL,9311-HOSP,27-feb-26,02 2026,2026,PERSONAL RESIDENTE,"$12,931.03","$2,068.97","$15,000.00",JORGE VIRGILIO GIL,007 SERVICIOS EXTERNOS ,007-04 Consultorias,EGRESO,HOSPITAL,
CHETUMAL,9311-HOSP,27-feb-26,02 2026,2026,PERSONAL RESIDENTE,"$10,344.83","$1,655.17","$12,000.00",PAGO FACTURA MARIA FERNANDA CHETUMAL,007 SERVICIOS EXTERNOS ,007-04 Consultorias,EGRESO,HOSPITAL,
CHETUMAL,9311-HOSP,28-feb-26,02 2026,2026,GASTO DE PERSONAL,$646.00,$104.00,$750.00,AARON DE AQUINO (PERSONAL ISSSTE),003 RENTAS,003-07 Equipo Celular,EGRESO,HOSPITAL,
CHETUMAL,9311-HOSP,28-feb-26,02 2026,2026,GASTO DE PERSONAL,$646.00,$104.00,$750.00,AARON DE AQUINO (PERSONAL ISSSTE),003 RENTAS,003-07 Equipo Celular,EGRESO,HOSPITAL,
CHETUMAL,9311-HOSP,28-feb-26,02 2026,2026,GASTO DE PERSONAL,"$5,883.00",$941.28,"$6,824.28",ALEJANDRO RAMIREZ CORDERO,002 NOMINA,002-01 Asimilados,EGRESO,HOSPITAL,
CHETUMAL,9311-HOSP,28-feb-26,02 2026,2026,GASTO DE PERSONAL,"$11,141.89",,"$11,141.89",ALEJANDRO RAMIREZ CORDERO,002 NOMINA,002-02 DDP,EGRESO,HOSPITAL,
CHETUMAL,9311-HOSP,28-feb-26,02 2026,2026,GASTO DE PERSONAL,$646.00,$104.00,$750.00,ALEJANDRO RAMIREZ CORDERO,003 RENTAS,003-07 Equipo Celular,EGRESO,HOSPITAL,
CHETUMAL,9311-HOSP,28-feb-26,02 2026,2026,GASTO DE PERSONAL,"$1,294.00",$206.00,"$1,500.00",ALEJANDRO RAMIREZ CORDERO,003 RENTAS,003-09 Equipo de Computo,EGRESO,HOSPITAL,
CHETUMAL,9311-HOSP,28-feb-26,02 2026,2026,GASTO DE PERSONAL,"$11,141.89",,"$11,141.89",ANA VANESSA GARCIA CARBALLO,002 NOMINA,002-02 DDP,EGRESO,HOSPITAL,
CHETUMAL,9311-HOSP,28-feb-26,02 2026,2026,GASTO DE PERSONAL,"$4,823.00",$771.68,"$5,594.68",ANA VANESSA GARCIA CARBALLO,002 NOMINA,002-01 Asimilados,EGRESO,HOSPITAL,
CHETUMAL,9311-HOSP,28-feb-26,02 2026,2026,GASTO DE PERSONAL,$646.00,$104.00,$750.00,ANA VANESSA GARCIA CARBALLO,003 RENTAS,003-07 Equipo Celular,EGRESO,HOSPITAL,
CHETUMAL,9311-HOSP,28-feb-26,02 2026,2026,GASTO DE PERSONAL,"$1,294.00",$206.00,"$1,500.00",ANA VANESSA GARCIA CARBALLO,003 RENTAS,003-09 Equipo de Computo,EGRESO,HOSPITAL,
CHETUMAL,9311-HOSP,28-feb-26,02 2026,2026,GASTO DE PERSONAL,"$8,913.51",,"$8,913.51",ARTURO GUERRA ZUÑIGA,002 NOMINA,002-02 DDP,EGRESO,HOSPITAL,
CHETUMAL,9311-HOSP,28-feb-26,02 2026,2026,GASTO DE PERSONAL,"$23,911.20","$3,825.79","$27,736.99",ARTURO GUERRA ZUÑIGA,002 NOMINA,002-01 Asimilados,EGRESO,HOSPITAL,
CHETUMAL,9311-HOSP,28-feb-26,02 2026,2026,GASTO DE PERSONAL,$646.00,$104.00,$750.00,ARTURO GUERRA ZUÑIGA,003 RENTAS,003-07 Equipo Celular,EGRESO,HOSPITAL,
CHETUMAL,9311-HOSP,28-feb-26,02 2026,2026,GASTO DE PERSONAL,"$1,294.00",$206.00,"$1,500.00",ARTURO GUERRA ZUÑIGA,003 RENTAS,003-09 Equipo de Computo,EGRESO,HOSPITAL,
CHETUMAL,9311-GUARD,28-feb-26,02 2026,2026,GASTO DE PERSONAL,"$1,663.04",,"$1,663.04",ARTURO GUERRA ZUÑIGA,002 NOMINA,002-02 DDP,EGRESO,ESTANCIA,
CHETUMAL,9311-GUARD,28-feb-26,02 2026,2026,GASTO DE PERSONAL,"$5,248.80",$839.81,"$6,088.61",ARTURO GUERRA ZUÑIGA,002 NOMINA,002-01 Asimilados,EGRESO,ESTANCIA,
CHETUMAL,9311-GUARD,28-feb-26,02 2026,2026,GASTO DE PERSONAL,"$2,228.38",,"$2,228.38",ARTURO GUERRA ZUÑIGA,002 NOMINA,002-02 DDP,EGRESO,ESTANCIA,
CHETUMAL,9311-GUARD,28-feb-26,02 2026,2026,GASTO DE PERSONAL,"$5,248.80",$839.81,"$6,088.61",ARTURO GUERRA ZUÑIGA,002 NOMINA,002-01 Asimilados,EGRESO,ESTANCIA,
CHETUMAL,9311-HOSP,28-feb-26,02 2026,2026,TRANSPORTE,"$10,344.83","$1,655.17","$12,000.00",AUTOMOVIL VW AUTOSUR (Gabino),003 RENTAS,003-10 Automovil / Camioneta,EGRESO,HOSPITAL,
CHETUMAL,9311-HOSP,28-feb-26,02 2026,2026,TRANSPORTE,"$10,344.83","$1,655.17","$12,000.00",AUTOMOVIL VW SAN FERNANDO,003 RENTAS,003-10 Automovil / Camioneta,EGRESO,HOSPITAL,
CHETUMAL,9311-HOSP,28-feb-26,02 2026,2026,TRANSPORTE,"$5,225.89",$720.81,"$5,946.70",CAVI (IAVE),006 AUTOS,006-2 Peajes,EGRESO,HOSPITAL,
CHETUMAL,9311-HOSP,28-feb-26,02 2026,2026,GASTO DE PERSONAL,$646.00,$104.00,$750.00,EDGAR JIMENEZ (PERSONA ISSSTE),003 RENTAS,003-07 Equipo Celular,EGRESO,HOSPITAL,
CHETUMAL,9311-HOSP,28-feb-26,02 2026,2026,TRANSPORTE,"$5,477.41",$876.38,"$6,353.79",EFECTIVALE,006 AUTOS,006-01 Combustible,EGRESO,HOSPITAL,
CHETUMAL,9311-HOSP,28-feb-26,02 2026,2026,GASTO DE PERSONAL,"$8,913.51",,"$8,913.51",EMMANUEL PACHECO PEREZ,002 NOMINA,002-02 DDP,EGRESO,HOSPITAL,
CHETUMAL,9311-HOSP,28-feb-26,02 2026,2026,GASTO DE PERSONAL,"$10,169.64","$1,627.14","$11,796.78",EMMANUEL PACHECO PEREZ,002 NOMINA,002-01 Asimilados,EGRESO,HOSPITAL,
CHETUMAL,9311-HOSP,28-feb-26,02 2026,2026,GASTO DE PERSONAL,$646.00,$104.00,$750.00,EMMANUEL PACHECO PEREZ,003 RENTAS,003-07 Equipo Celular,EGRESO,HOSPITAL,
CHETUMAL,9311-HOSP,28-feb-26,02 2026,2026,GASTO DE PERSONAL,"$1,294.00",$206.00,"$1,500.00",EMMANUEL PACHECO PEREZ,003 RENTAS,003-09 Equipo de Computo,EGRESO,HOSPITAL,
CHETUMAL,9311-GUARD,28-feb-26,02 2026,2026,GASTO DE PERSONAL,"$1,663.04",,"$1,663.04",EMMANUEL PACHECO PEREZ,002 NOMINA,002-02 DDP,EGRESO,ESTANCIA,
CHETUMAL,9311-GUARD,28-feb-26,02 2026,2026,GASTO DE PERSONAL,"$2,232.36",$357.18,"$2,589.54",EMMANUEL PACHECO PEREZ,002 NOMINA,002-01 Asimilados,EGRESO,ESTANCIA,
CHETUMAL,9311-GUARD,28-feb-26,02 2026,2026,GASTO DE PERSONAL,"$2,228.38",,"$2,228.38",EMMANUEL PACHECO PEREZ,002 NOMINA,002-02 DDP,EGRESO,ESTANCIA,
CHETUMAL,9311-GUARD,28-feb-26,02 2026,2026,GASTO DE PERSONAL,"$2,232.36",$357.18,"$2,589.54",EMMANUEL PACHECO PEREZ,002 NOMINA,002-01 Asimilados,EGRESO,ESTANCIA,
CHETUMAL,9311-HOSP,28-feb-26,02 2026,2026,GASTO DE PERSONAL,"$11,141.89",,"$11,141.89",GILIBALDO GARCIA CASTILLO,002 NOMINA,002-02 DDP,EGRESO,HOSPITAL,
CHETUMAL,9311-HOSP,28-feb-26,02 2026,2026,GASTO DE PERSONAL,"$13,886.00","$2,221.76","$16,107.76",GILIBALDO GARCIA CASTILLO,002 NOMINA,002-01 Asimilados,EGRESO,HOSPITAL,
CHETUMAL,9311-HOSP,28-feb-26,02 2026,2026,GASTO DE PERSONAL,$646.00,$104.00,$750.00,GILIBALDO GARCIA CASTILLO,003 RENTAS,003-07 Equipo Celular,EGRESO,HOSPITAL,
CHETUMAL,9311-HOSP,28-feb-26,02 2026,2026,GASTO DE PERSONAL,"$1,294.00",$206.00,"$1,500.00",GILIBALDO GARCIA CASTILLO,003 RENTAS,003-09 Equipo de Computo,EGRESO,HOSPITAL,
CHETUMAL,9311-HOSP,28-feb-26,02 2026,2026,GASTO OFNA DE CAMPO,"$13,599.83","$2,175.97","$15,775.80",HOTEL CITI EXPRESS PERSONAL ISSSTE,001 VIAJE,001-02 Hospedaje,EGRESO,HOSPITAL,
CHETUMAL,9311-HOSP,28-feb-26,02 2026,2026,GASTO DE PERSONAL,"$11,141.89",,"$11,141.89",ISABEL PEREZ CRUZ,002 NOMINA,002-02 DDP,EGRESO,HOSPITAL,
CHETUMAL,9311-HOSP,28-feb-26,02 2026,2026,GASTO DE PERSONAL,"$5,883.00",$941.28,"$6,824.28",ISABEL PEREZ CRUZ,002 NOMINA,002-01 Asimilados,EGRESO,HOSPITAL,
CHETUMAL,9311-HOSP,28-feb-26,02 2026,2026,GASTO DE PERSONAL,$646.00,$104.00,$750.00,ISABEL PEREZ CRUZ,003 RENTAS,003-07 Equipo Celular,EGRESO,HOSPITAL,
CHETUMAL,9311-HOSP,28-feb-26,02 2026,2026,GASTO DE PERSONAL,"$1,294.00",$206.00,"$1,500.00",ISABEL PEREZ CRUZ,003 RENTAS,003-09 Equipo de Computo,EGRESO,HOSPITAL,
CHETUMAL,9311-HOSP,28-feb-26,02 2026,2026,BIOMEDICO,"$11,141.89",,"$11,141.89",IVAN CARRILLO PAUL,002 NOMINA,002-02 DDP,EGRESO,HOSPITAL,
CHETUMAL,9311-HOSP,28-feb-26,02 2026,2026,BIOMEDICO,"$22,366.00","$21,100.00","$25,944.56",IVAN CARRILLO PAUL,002 NOMINA,002-01 Asimilados,EGRESO,HOSPITAL,
CHETUMAL,9311-HOSP,28-feb-26,02 2026,2026,GASTO DE PERSONAL,"$8,913.51",,"$8,913.51",JESUS LEONARDO VELAZQUEZ ROCHA ,002 NOMINA,002-02 DDP,EGRESO,HOSPITAL,
CHETUMAL,9311-HOSP,28-feb-26,02 2026,2026,GASTO DE PERSONAL,"$12,168.80","$1,947.01","$14,115.81",JESUS LEONARDO VELAZQUEZ ROCHA ,002 NOMINA,002-01 Asimilados,EGRESO,HOSPITAL,
CHETUMAL,9311-HOSP,28-feb-26,02 2026,2026,GASTO DE PERSONAL,$646.00,$104.00,$750.00,JESUS LEONARDO VELAZQUEZ ROCHA ,003 RENTAS,003-07 Equipo Celular,EGRESO,HOSPITAL,
CHETUMAL,9311-HOSP,28-feb-26,02 2026,2026,GASTO DE PERSONAL,"$1,294.00",$206.00,"$1,500.00",JESUS LEONARDO VELAZQUEZ ROCHA ,003 RENTAS,003-09 Equipo de Computo,EGRESO,HOSPITAL,
CHETUMAL,9311-GUARD,28-feb-26,02 2026,2026,GASTO DE PERSONAL,"$1,663.04",,"$1,663.04",JESUS LEONARDO VELAZQUEZ ROCHA ,002 NOMINA,002-02 DDP,EGRESO,ESTANCIA,
CHETUMAL,9311-GUARD,28-feb-26,02 2026,2026,GASTO DE PERSONAL,"$2,671.20",$427.39,"$3,098.59",JESUS LEONARDO VELAZQUEZ ROCHA ,002 NOMINA,002-01 Asimilados,EGRESO,ESTANCIA,
CHETUMAL,9311-GUARD,28-feb-26,02 2026,2026,GASTO DE PERSONAL,"$2,228.38",,"$2,228.38",JESUS LEONARDO VELAZQUEZ ROCHA ,002 NOMINA,002-02 DDP,EGRESO,ESTANCIA,
CHETUMAL,9311-GUARD,28-feb-26,02 2026,2026,GASTO DE PERSONAL,"$2,671.20",$427.39,"$3,098.59",JESUS LEONARDO VELAZQUEZ ROCHA ,002 NOMINA,002-01 Asimilados,EGRESO,ESTANCIA,
CHETUMAL,9311-HOSP,28-feb-26,02 2026,2026,GASTO DE PERSONAL,"$11,141.89",,"$11,141.89",JORGE RUPERTO DURAN OJEDA,002 NOMINA,002-02 DDP,EGRESO,HOSPITAL,
CHETUMAL,9311-HOSP,28-feb-26,02 2026,2026,GASTO DE PERSONAL,"$9,646.00","$1,543.36","$11,189.36",JORGE RUPERTO DURAN OJEDA,002 NOMINA,002-01 Asimilados,EGRESO,HOSPITAL,
CHETUMAL,9311-HOSP,28-feb-26,02 2026,2026,GASTO DE PERSONAL,$646.00,$104.00,$750.00,JORGE RUPERTO DURAN OJEDA,003 RENTAS,003-07 Equipo Celular,EGRESO,HOSPITAL,
CHETUMAL,9311-HOSP,28-feb-26,02 2026,2026,GASTO DE PERSONAL,"$1,294.00",$206.00,"$1,500.00",JORGE RUPERTO DURAN OJEDA,003 RENTAS,003-09 Equipo de Computo,EGRESO,HOSPITAL,
CHETUMAL,9311-HOSP,28-feb-26,02 2026,2026,PERSONAL RESIDENTE,$646.00,$104.00,$750.00,JORGE VIRGILIO GIL,003 RENTAS,003-07 Equipo Celular,EGRESO,HOSPITAL,
CHETUMAL,9311-HOSP,28-feb-26,02 2026,2026,PERSONAL RESIDENTE,"$1,294.00",$206.00,"$1,500.00",JORGE VIRGILIO GIL,003 RENTAS,003-09 Equipo de Computo,EGRESO,HOSPITAL,
CHETUMAL,9311-GUARD,28-feb-26,02 2026,2026,GASTO DE PERSONAL,"$9,358.58",,"$9,358.58",JOSE LUIS CANO CAT,002 NOMINA,002-02 DDP,EGRESO,ESTANCIA,
CHETUMAL,9311-GUARD,28-feb-26,02 2026,2026,GASTO DE PERSONAL,"$13,886.00","$13,100.00","$16,107.76",JOSE LUIS CANO CAT,002 NOMINA,002-01 Asimilados,EGRESO,ESTANCIA,
CHETUMAL,9311-GUARD,28-feb-26,02 2026,2026,GASTO DE PERSONAL,"$11,141.89",,"$11,141.89",JOSE LUIS CANO CAT,002 NOMINA,002-02 DDP,EGRESO,ESTANCIA,
CHETUMAL,9311-GUARD,28-feb-26,02 2026,2026,GASTO DE PERSONAL,"$13,886.00","$13,100.00","$16,107.76",JOSE LUIS CANO CAT,002 NOMINA,002-01 Asimilados,EGRESO,ESTANCIA,
CHETUMAL,9311-GUARD,28-feb-26,02 2026,2026,GASTO DE PERSONAL,$646.00,$104.00,$750.00,JOSE LUIS CANO CAT,003 RENTAS,003-07 Equipo Celular,EGRESO,ESTANCIA,
CHETUMAL,9311-GUARD,28-feb-26,02 2026,2026,GASTO DE PERSONAL,"$1,294.00",$206.00,"$1,500.00",JOSE LUIS CANO CAT,003 RENTAS,003-09 Equipo de Computo,EGRESO,ESTANCIA,
CHETUMAL,9311-HOSP,28-feb-26,02 2026,2026,GASTO DE PERSONAL,"$1,294.00",$206.00,"$1,500.00",MONICA DE LUCERO (PERSONAL ISSSTE),003 RENTAS,003-09 Equipo de Computo,EGRESO,HOSPITAL,
CHETUMAL,9311-HOSP,28-feb-26,02 2026,2026,GASTO DE PERSONAL,"$1,294.00",$206.00,"$1,500.00",MONICA DE LUCERO (PERSONAL ISSSTE),003 RENTAS,003-09 Equipo de Computo,EGRESO,HOSPITAL,
CHETUMAL,9311-HOSP,28-feb-26,02 2026,2026,PERSONAL ISSSTE SN FDO,"$145,000.00","$23,200.00","$168,200.00",PAGO FAC CONSTRUTODO,002 NOMINA,002-01 Asimilados,EGRESO,HOSPITAL,
CHETUMAL,9311-GUARD,28-feb-26,02 2026,2026,PERSONAL ISSSTE SN FDO,"$24,300.00","$3,888.00","$28,188.00",PAGO FACTURA ALFA GRAINS  ,002 NOMINA,002-01 Asimilados,EGRESO,ESTANCIA,
CHETUMAL,9311-GUARD,28-feb-26,02 2026,2026,PERSONAL ISSSTE SN FDO,"$24,300.00","$3,888.00","$28,188.00",PAGO FACTURA ALFA GRAINS  ,002 NOMINA,002-01 Asimilados,EGRESO,ESTANCIA,
CHETUMAL,9311-HOSP,28-feb-26,02 2026,2026,GASTO OFNA DE CAMPO,$731.03,$116.96,$847.99,TELCEL (INTERNET) ,004 PAGO DE SERVICIOS,004-04 Internet,EGRESO,HOSPITAL,
CHETUMAL,9311-HOSP,28-feb-26,02 2026,2026,GASTO OFNA DE CAMPO,$731.03,$116.96,$847.99,TELCEL (INTERNET) ,004 PAGO DE SERVICIOS,004-04 Internet,EGRESO,HOSPITAL,
CHETUMAL,9311-HOSP,28-feb-26,02 2026,2026,GASTO OFNA DE CAMPO,"$30,000.00","$4,800.00","$34,800.00",VOLARIS (PERSONAL ISSSTE),001 VIAJE,001-01 Pasajes de Avion,EGRESO,HOSPITAL,
CHETUMAL,9311-HOSP,28-feb-26,02 2026,2026,GASTO DE PERSONAL,"$11,141.89",,"$11,141.89",YOSELI XIX TOLEDANO,002 NOMINA,002-02 DDP,EGRESO,HOSPITAL,
CHETUMAL,9311-HOSP,28-feb-26,02 2026,2026,GASTO DE PERSONAL,"$9,646.00","$1,543.36","$11,189.36",YOSELI XIX TOLEDANO,002 NOMINA,002-01 Asimilados,EGRESO,HOSPITAL,
CHETUMAL,9311-HOSP,28-feb-26,02 2026,2026,GASTO DE PERSONAL,$646.00,$104.00,$750.00,YOSELI XIX TOLEDANO,003 RENTAS,003-07 Equipo Celular,EGRESO,HOSPITAL,
CHETUMAL,9311-HOSP,28-feb-26,02 2026,2026,GASTO DE PERSONAL,"$1,294.00",$206.00,"$1,500.00",YOSELI XIX TOLEDANO,003 RENTAS,003-09 Equipo de Computo,EGRESO,HOSPITAL,
CHETUMAL,9311-HOSP,06-mar-26,03 2026,2026,GASTO OFNA DE CAMPO,"$15,250.00","$2,440.00","$17,690.00",ALICIA GABRIELA (RENTA CASA ARTURO),001 VIAJE,001-02 Hospedaje,EGRESO,HOSPITAL,
CHETUMAL,9311-HOSP,06-mar-26,03 2026,2026,GASTO DE PERSONAL,"$3,879.31",$620.69,"$4,500.00",ARTURO GUERRA ZUÑIGA,001 VIAJE,001-03 Viáticos,EGRESO,HOSPITAL,
CHETUMAL,9311-HOSP,06-mar-26,03 2026,2026,GASTO DE PERSONAL,"$5,862.07",$937.93,"$6,800.00",ARTURO GUERRA ZUÑIGA,003 COMPRAS,003-08 Equipo  de Seguridad,EGRESO,HOSPITAL,
CHETUMAL,9311-HOSP,09-mar-26,03 2026,2026,CASETA MOBIL,"$9,000.00","$1,440.00","$10,440.00", ASESORES INMOBILIARIOS H CHETUMAL,003 RENTAS,003-02 Casetas,EGRESO,HOSPITAL,
CHETUMAL,9311-HOSP,10-mar-26,03 2026,2026,TRANSPORTE,"$9,099.83","$1,455.97","$10,555.80",CARGO DOMICILIARIO FINANCIAMIENTO VIRTUS CHETUMAL,003 RENTAS,003-10 Automovil / Camioneta,EGRESO,HOSPITAL,
CHETUMAL,9311-HOSP,11-mar-26,03 2026,2026,GASTO OFNA DE CAMPO,"$10,767.24","$1,722.76","$12,490.00",DEPOSITO EN GARANTIA RENTA PARA OFICINA,003 RENTAS,003-02 Casetas,EGRESO,HOSPITAL,
CHETUMAL,9311-HOSP,13-mar-26,03 2026,2026,ANALISTA ISSSTE (CONCURSO),"$10,000.00","$1,600.00","$11,600.00",ADELAIDO PASTRANA DE LA CRUZ,007 SERVICIOS EXTERNOS ,007-04 Consultorias,EGRESO,HOSPITAL,
CHETUMAL,9311-HOSP,17-mar-26,03 2026,2026,CAMARAS DE SEGURIDAD,"$6,363.67","$1,018.19","$7,381.86",EMANUEL EBRA INFORMACION CAMARAS,007 SERVICIOS EXTERNOS ,007-04 Consultorias,EGRESO,HOSPITAL,
CHETUMAL,9311-HOSP,17-mar-26,03 2026,2026,CAMARAS DE SEGURIDAD,"$3,053.12",$488.50,"$3,541.62",EMANUEL EBRA INFORMACION CAMARAS,007 SERVICIOS EXTERNOS ,007-04 Consultorias,EGRESO,HOSPITAL,
CHETUMAL,9311-HOSP,17-mar-26,03 2026,2026,GASTO DE PERSONAL,"$1,379.31",$220.69,"$1,600.00",GASTOS A COMPROBAR RESIDENTE ISSSTE,001 VIAJE,001-03 Viáticos,EGRESO,HOSPITAL,
CHETUMAL,9311-HOSP,18-mar-26,03 2026,2026,PERSONAL RESIDENTE,"$12,931.03","$2,068.97","$15,000.00",JORGE VIRGILIO GIL,007 SERVICIOS EXTERNOS ,007-04 Consultorias,EGRESO,HOSPITAL,
CHETUMAL,9311-HOSP,23-mar-26,03 2026,2026,TRANSPORTE,"$10,289.80","$1,646.37","$11,936.17",CARGO DOMICILIARIO FINANCIAMIENTO ,003 RENTAS,003-10 Automovil / Camioneta,EGRESO,HOSPITAL,
CHETUMAL,9311-HOSP,30-mar-26,03 2026,2026,PERSONAL RESIDENTE,"$12,931.03","$2,068.97","$15,000.00",JORGE VIRGILIO GIL,007 SERVICIOS EXTERNOS ,007-04 Consultorias,EGRESO,HOSPITAL,
CHETUMAL,9311-HOSP,31-mar-26,03 2026,2026,GASTO DE PERSONAL,$646.00,$104.00,$750.00,AARON DE AQUINO (PERSONAL ISSSTE),003 RENTAS,003-07 Equipo Celular,EGRESO,HOSPITAL,
CHETUMAL,9311-HOSP,31-mar-26,03 2026,2026,GASTO DE PERSONAL,$646.00,$104.00,$750.00,AARON DE AQUINO (PERSONAL ISSSTE),003 RENTAS,003-07 Equipo Celular,EGRESO,HOSPITAL,
CHETUMAL,9311-HOSP,31-mar-26,03 2026,2026,GASTO DE PERSONAL,$258.62,$41.38,$300.00,AEROMEXICO ,001 VIAJE,001-01 Pasajes de Avion,EGRESO,HOSPITAL,
CHETUMAL,9311-HOSP,31-mar-26,03 2026,2026,GASTO DE PERSONAL,"$5,883.00",$941.28,"$6,824.28",ALEJANDRO RAMIREZ CORDERO,002 NOMINA,002-01 Asimilados,EGRESO,HOSPITAL,
CHETUMAL,9311-HOSP,31-mar-26,03 2026,2026,GASTO DE PERSONAL,"$11,141.89",,"$11,141.89",ALEJANDRO RAMIREZ CORDERO,002 NOMINA,002-02 DDP,EGRESO,HOSPITAL,
CHETUMAL,9311-HOSP,31-mar-26,03 2026,2026,GASTO DE PERSONAL,$646.00,$104.00,$750.00,ALEJANDRO RAMIREZ CORDERO,003 RENTAS,003-07 Equipo Celular,EGRESO,HOSPITAL,
CHETUMAL,9311-HOSP,31-mar-26,03 2026,2026,GASTO DE PERSONAL,"$1,294.00",$206.00,"$1,500.00",ALEJANDRO RAMIREZ CORDERO,003 RENTAS,003-09 Equipo de Computo,EGRESO,HOSPITAL,
CHETUMAL,9311-HOSP,31-mar-26,03 2026,2026,GASTO DE PERSONAL,"$11,141.89",,"$11,141.89",ANA VANESSA GARCIA CARBALLO,002 NOMINA,002-02 DDP,EGRESO,HOSPITAL,
CHETUMAL,9311-HOSP,31-mar-26,03 2026,2026,GASTO DE PERSONAL,"$4,823.00",$771.68,"$5,594.68",ANA VANESSA GARCIA CARBALLO,002 NOMINA,002-01 Asimilados,EGRESO,HOSPITAL,
CHETUMAL,9311-HOSP,31-mar-26,03 2026,2026,GASTO DE PERSONAL,$646.00,$104.00,$750.00,ANA VANESSA GARCIA CARBALLO,003 RENTAS,003-07 Equipo Celular,EGRESO,HOSPITAL,
CHETUMAL,9311-HOSP,31-mar-26,03 2026,2026,GASTO DE PERSONAL,"$1,294.00",$206.00,"$1,500.00",ANA VANESSA GARCIA CARBALLO,003 RENTAS,003-09 Equipo de Computo,EGRESO,HOSPITAL,
CHETUMAL,9311-HOSP,31-mar-26,03 2026,2026,GASTO DE PERSONAL,"$8,913.51",,"$8,913.51",ARTURO GUERRA ZUÑIGA,002 NOMINA,002-02 DDP,EGRESO,HOSPITAL,
CHETUMAL,9311-HOSP,31-mar-26,03 2026,2026,GASTO DE PERSONAL,"$23,911.20","$3,825.79","$27,736.99",ARTURO GUERRA ZUÑIGA,002 NOMINA,002-01 Asimilados,EGRESO,HOSPITAL,
CHETUMAL,9311-HOSP,31-mar-26,03 2026,2026,GASTO DE PERSONAL,$646.00,$104.00,$750.00,ARTURO GUERRA ZUÑIGA,003 RENTAS,003-07 Equipo Celular,EGRESO,HOSPITAL,
CHETUMAL,9311-HOSP,31-mar-26,03 2026,2026,GASTO DE PERSONAL,"$1,294.00",$206.00,"$1,500.00",ARTURO GUERRA ZUÑIGA,003 RENTAS,003-09 Equipo de Computo,EGRESO,HOSPITAL,
CHETUMAL,9311-GUARD,31-mar-26,03 2026,2026,GASTO DE PERSONAL,"$1,663.04",,"$1,663.04",ARTURO GUERRA ZUÑIGA,002 NOMINA,002-02 DDP,EGRESO,ESTANCIA,
CHETUMAL,9311-GUARD,31-mar-26,03 2026,2026,GASTO DE PERSONAL,"$5,248.80",$839.81,"$6,088.61",ARTURO GUERRA ZUÑIGA,002 NOMINA,002-01 Asimilados,EGRESO,ESTANCIA,
CHETUMAL,9311-GUARD,31-mar-26,03 2026,2026,GASTO DE PERSONAL,"$2,228.38",,"$2,228.38",ARTURO GUERRA ZUÑIGA,002 NOMINA,002-02 DDP,EGRESO,ESTANCIA,
CHETUMAL,9311-GUARD,31-mar-26,03 2026,2026,GASTO DE PERSONAL,"$5,248.80",$839.81,"$6,088.61",ARTURO GUERRA ZUÑIGA,002 NOMINA,002-01 Asimilados,EGRESO,ESTANCIA,
CHETUMAL,9311-HOSP,31-mar-26,03 2026,2026,TRANSPORTE,"$10,344.83","$1,655.17","$12,000.00",AUTOMOVIL VW AUTOSUR (Gabino),003 RENTAS,003-10 Automovil / Camioneta,EGRESO,HOSPITAL,
CHETUMAL,9311-HOSP,31-mar-26,03 2026,2026,TRANSPORTE,"$10,344.83","$1,655.17","$12,000.00",AUTOMOVIL VW SAN FERNANDO,003 RENTAS,003-10 Automovil / Camioneta,EGRESO,HOSPITAL,
CHETUMAL,9311-HOSP,31-mar-26,03 2026,2026,TRANSPORTE,$715.00,$114.40,$829.40,CAVI (IAVE),006 AUTOS,006-2 Peajes,EGRESO,HOSPITAL,
CHETUMAL,9311-HOSP,31-mar-26,03 2026,2026,GASTO DE PERSONAL,"$2,268.91",$363.03,"$2,631.94",CITY EXPRESS CHETUMAL,001 VIAJE,001-02 Hospedaje,EGRESO,HOSPITAL,
CHETUMAL,9311-HOSP,31-mar-26,03 2026,2026,GASTO DE PERSONAL,"$1,274.18",$203.87,"$1,478.05",DHL,004 PAGO DE SERVICIOS,004-05 Mensajeria,EGRESO,HOSPITAL,
CHETUMAL,9311-HOSP,31-mar-26,03 2026,2026,GASTO DE PERSONAL,"$2,386.79",$381.89,"$2,768.68",DHL,004 PAGO DE SERVICIOS,004-05 Mensajeria,EGRESO,HOSPITAL,
CHETUMAL,9311-HOSP,31-mar-26,03 2026,2026,GASTO DE PERSONAL,$646.00,$104.00,$750.00,EDGAR JIMENEZ (PERSONA ISSSTE),003 RENTAS,003-07 Equipo Celular,EGRESO,HOSPITAL,
CHETUMAL,9311-HOSP,31-mar-26,03 2026,2026,TRANSPORTE,"$8,232.97","$1,317.28","$9,550.25",EFECTIVALE,006 AUTOS,006-01 Combustible,EGRESO,HOSPITAL,
CHETUMAL,9311-HOSP,31-mar-26,03 2026,2026,GASTO DE PERSONAL,"$8,913.51",,"$8,913.51",EMMANUEL PACHECO PEREZ,002 NOMINA,002-02 DDP,EGRESO,HOSPITAL,
CHETUMAL,9311-HOSP,31-mar-26,03 2026,2026,GASTO DE PERSONAL,"$10,169.64","$1,627.14","$11,796.78",EMMANUEL PACHECO PEREZ,002 NOMINA,002-01 Asimilados,EGRESO,HOSPITAL,
CHETUMAL,9311-HOSP,31-mar-26,03 2026,2026,GASTO DE PERSONAL,$646.00,$104.00,$750.00,EMMANUEL PACHECO PEREZ,003 RENTAS,003-07 Equipo Celular,EGRESO,HOSPITAL,
CHETUMAL,9311-HOSP,31-mar-26,03 2026,2026,GASTO DE PERSONAL,"$1,294.00",$206.00,"$1,500.00",EMMANUEL PACHECO PEREZ,003 RENTAS,003-09 Equipo de Computo,EGRESO,HOSPITAL,
CHETUMAL,9311-GUARD,31-mar-26,03 2026,2026,GASTO DE PERSONAL,"$1,663.04",,"$1,663.04",EMMANUEL PACHECO PEREZ,002 NOMINA,002-02 DDP,EGRESO,ESTANCIA,
CHETUMAL,9311-GUARD,31-mar-26,03 2026,2026,GASTO DE PERSONAL,"$2,232.36",$357.18,"$2,589.54",EMMANUEL PACHECO PEREZ,002 NOMINA,002-01 Asimilados,EGRESO,ESTANCIA,
CHETUMAL,9311-GUARD,31-mar-26,03 2026,2026,GASTO DE PERSONAL,"$2,228.38",,"$2,228.38",EMMANUEL PACHECO PEREZ,002 NOMINA,002-02 DDP,EGRESO,ESTANCIA,
CHETUMAL,9311-GUARD,31-mar-26,03 2026,2026,GASTO DE PERSONAL,"$2,232.36",$357.18,"$2,589.54",EMMANUEL PACHECO PEREZ,002 NOMINA,002-01 Asimilados,EGRESO,ESTANCIA,
CHETUMAL,9311-HOSP,31-mar-26,03 2026,2026,GASTO DE PERSONAL,"$11,141.89",,"$11,141.89",GILIBALDO GARCIA CASTILLO,002 NOMINA,002-02 DDP,EGRESO,HOSPITAL,
CHETUMAL,9311-HOSP,31-mar-26,03 2026,2026,GASTO DE PERSONAL,"$13,886.00","$2,221.76","$16,107.76",GILIBALDO GARCIA CASTILLO,002 NOMINA,002-01 Asimilados,EGRESO,HOSPITAL,
CHETUMAL,9311-HOSP,31-mar-26,03 2026,2026,GASTO DE PERSONAL,$646.00,$104.00,$750.00,GILIBALDO GARCIA CASTILLO,003 RENTAS,003-07 Equipo Celular,EGRESO,HOSPITAL,
CHETUMAL,9311-HOSP,31-mar-26,03 2026,2026,GASTO DE PERSONAL,"$1,294.00",$206.00,"$1,500.00",GILIBALDO GARCIA CASTILLO,003 RENTAS,003-09 Equipo de Computo,EGRESO,HOSPITAL,
CHETUMAL,9311-HOSP,31-mar-26,03 2026,2026,GASTO DE PERSONAL,"$11,141.89",,"$11,141.89",ISABEL PEREZ CRUZ,002 NOMINA,002-02 DDP,EGRESO,HOSPITAL,
CHETUMAL,9311-HOSP,31-mar-26,03 2026,2026,GASTO DE PERSONAL,"$5,883.00",$941.28,"$6,824.28",ISABEL PEREZ CRUZ,002 NOMINA,002-01 Asimilados,EGRESO,HOSPITAL,
CHETUMAL,9311-HOSP,31-mar-26,03 2026,2026,GASTO DE PERSONAL,$646.00,$104.00,$750.00,ISABEL PEREZ CRUZ,003 RENTAS,003-07 Equipo Celular,EGRESO,HOSPITAL,
CHETUMAL,9311-HOSP,31-mar-26,03 2026,2026,GASTO DE PERSONAL,"$1,294.00",$206.00,"$1,500.00",ISABEL PEREZ CRUZ,003 RENTAS,003-09 Equipo de Computo,EGRESO,HOSPITAL,
CHETUMAL,9311-HOSP,31-mar-26,03 2026,2026,BIOMEDICO,"$11,141.89",,"$11,141.89",IVAN CARRILLO PAUL,002 NOMINA,002-02 DDP,EGRESO,HOSPITAL,
CHETUMAL,9311-HOSP,31-mar-26,03 2026,2026,BIOMEDICO,"$22,366.00","$21,100.00","$25,944.56",IVAN CARRILLO PAUL,002 NOMINA,002-01 Asimilados,EGRESO,HOSPITAL,
CHETUMAL,9311-HOSP,31-mar-26,03 2026,2026,GASTO DE PERSONAL,"$8,913.51",,"$8,913.51",JESUS LEONARDO VELAZQUEZ ROCHA ,002 NOMINA,002-02 DDP,EGRESO,HOSPITAL,
CHETUMAL,9311-HOSP,31-mar-26,03 2026,2026,GASTO DE PERSONAL,"$12,168.80","$1,947.01","$14,115.81",JESUS LEONARDO VELAZQUEZ ROCHA ,002 NOMINA,002-01 Asimilados,EGRESO,HOSPITAL,
CHETUMAL,9311-HOSP,31-mar-26,03 2026,2026,GASTO DE PERSONAL,$646.00,$104.00,$750.00,JESUS LEONARDO VELAZQUEZ ROCHA ,003 RENTAS,003-07 Equipo Celular,EGRESO,HOSPITAL,
CHETUMAL,9311-HOSP,31-mar-26,03 2026,2026,GASTO DE PERSONAL,"$1,294.00",$206.00,"$1,500.00",JESUS LEONARDO VELAZQUEZ ROCHA ,003 RENTAS,003-09 Equipo de Computo,EGRESO,HOSPITAL,
CHETUMAL,9311-GUARD,31-mar-26,03 2026,2026,GASTO DE PERSONAL,"$1,663.04",,"$1,663.04",JESUS LEONARDO VELAZQUEZ ROCHA ,002 NOMINA,002-02 DDP,EGRESO,ESTANCIA,
CHETUMAL,9311-GUARD,31-mar-26,03 2026,2026,GASTO DE PERSONAL,"$2,671.20",$427.39,"$3,098.59",JESUS LEONARDO VELAZQUEZ ROCHA ,002 NOMINA,002-01 Asimilados,EGRESO,ESTANCIA,
CHETUMAL,9311-GUARD,31-mar-26,03 2026,2026,GASTO DE PERSONAL,"$2,228.38",,"$2,228.38",JESUS LEONARDO VELAZQUEZ ROCHA ,002 NOMINA,002-02 DDP,EGRESO,ESTANCIA,
CHETUMAL,9311-GUARD,31-mar-26,03 2026,2026,GASTO DE PERSONAL,"$2,671.20",$427.39,"$3,098.59",JESUS LEONARDO VELAZQUEZ ROCHA ,002 NOMINA,002-01 Asimilados,EGRESO,ESTANCIA,
CHETUMAL,9311-HOSP,31-mar-26,03 2026,2026,GASTO DE PERSONAL,"$11,141.89",,"$11,141.89",JORGE RUPERTO DURAN OJEDA,002 NOMINA,002-02 DDP,EGRESO,HOSPITAL,
CHETUMAL,9311-HOSP,31-mar-26,03 2026,2026,GASTO DE PERSONAL,"$9,646.00","$1,543.36","$11,189.36",JORGE RUPERTO DURAN OJEDA,002 NOMINA,002-01 Asimilados,EGRESO,HOSPITAL,
CHETUMAL,9311-HOSP,31-mar-26,03 2026,2026,GASTO DE PERSONAL,$646.00,$104.00,$750.00,JORGE RUPERTO DURAN OJEDA,003 RENTAS,003-07 Equipo Celular,EGRESO,HOSPITAL,
CHETUMAL,9311-HOSP,31-mar-26,03 2026,2026,GASTO DE PERSONAL,"$1,294.00",$206.00,"$1,500.00",JORGE RUPERTO DURAN OJEDA,003 RENTAS,003-09 Equipo de Computo,EGRESO,HOSPITAL,
CHETUMAL,9311-HOSP,31-mar-26,03 2026,2026,PERSONAL RESIDENTE,$646.00,$104.00,$750.00,JORGE VIRGILIO GIL,003 RENTAS,003-07 Equipo Celular,EGRESO,HOSPITAL,
CHETUMAL,9311-HOSP,31-mar-26,03 2026,2026,PERSONAL RESIDENTE,"$1,294.00",$206.00,"$1,500.00",JORGE VIRGILIO GIL,003 RENTAS,003-09 Equipo de Computo,EGRESO,HOSPITAL,
CHETUMAL,9311-GUARD,31-mar-26,03 2026,2026,GASTO DE PERSONAL,"$9,358.58",,"$9,358.58",JOSE LUIS CANO CAT,002 NOMINA,002-02 DDP,EGRESO,ESTANCIA,
CHETUMAL,9311-GUARD,31-mar-26,03 2026,2026,GASTO DE PERSONAL,"$13,886.00","$13,100.00","$16,107.76",JOSE LUIS CANO CAT,002 NOMINA,002-01 Asimilados,EGRESO,ESTANCIA,
CHETUMAL,9311-GUARD,31-mar-26,03 2026,2026,GASTO DE PERSONAL,"$11,141.89",,"$11,141.89",JOSE LUIS CANO CAT,002 NOMINA,002-02 DDP,EGRESO,ESTANCIA,
CHETUMAL,9311-GUARD,31-mar-26,03 2026,2026,GASTO DE PERSONAL,"$13,886.00","$13,100.00","$16,107.76",JOSE LUIS CANO CAT,002 NOMINA,002-01 Asimilados,EGRESO,ESTANCIA,
CHETUMAL,9311-GUARD,31-mar-26,03 2026,2026,GASTO DE PERSONAL,$646.00,$104.00,$750.00,JOSE LUIS CANO CAT,003 RENTAS,003-07 Equipo Celular,EGRESO,ESTANCIA,
CHETUMAL,9311-GUARD,31-mar-26,03 2026,2026,GASTO DE PERSONAL,"$1,294.00",$206.00,"$1,500.00",JOSE LUIS CANO CAT,003 RENTAS,003-09 Equipo de Computo,EGRESO,ESTANCIA,
CHETUMAL,9311-HOSP,31-mar-26,03 2026,2026,GASTO DE PERSONAL,"$1,294.00",$206.00,"$1,500.00",MONICA DE LUCERO (PERSONAL ISSSTE),003 RENTAS,003-09 Equipo de Computo,EGRESO,HOSPITAL,
CHETUMAL,9311-HOSP,31-mar-26,03 2026,2026,GASTO DE PERSONAL,"$1,294.00",$206.00,"$1,500.00",MONICA DE LUCERO (PERSONAL ISSSTE),003 RENTAS,003-09 Equipo de Computo,EGRESO,HOSPITAL,
CHETUMAL,9311-HOSP,31-mar-26,03 2026,2026,GASTO DE PERSONAL,"$1,688.79",$270.21,"$1,959.00",OFFICE MAX,003 COMPRAS,003-06 Papelería,EGRESO,HOSPITAL,
CHETUMAL,9311-HOSP,31-mar-26,03 2026,2026,GASTO DE PERSONAL,"$2,202.50",$352.40,"$2,554.90",OFFICE MAX,003 COMPRAS,003-06 Papelería,EGRESO,HOSPITAL,
CHETUMAL,9311-HOSP,31-mar-26,03 2026,2026,PERSONAL ISSSTE SN FDO,"$145,000.00","$23,200.00","$168,200.00",PAGO FAC CONSTRUTODO,002 NOMINA,002-01 Asimilados,EGRESO,HOSPITAL,
CHETUMAL,9311-GUARD,31-mar-26,03 2026,2026,PERSONAL ISSSTE SN FDO,"$24,300.00","$3,888.00","$28,188.00",PAGO FACTURA ALFA GRAINS  ,002 NOMINA,002-01 Asimilados,EGRESO,ESTANCIA,
CHETUMAL,9311-GUARD,31-mar-26,03 2026,2026,PERSONAL ISSSTE SN FDO,"$24,300.00","$3,888.00","$28,188.00",PAGO FACTURA ALFA GRAINS  ,002 NOMINA,002-01 Asimilados,EGRESO,ESTANCIA,
CHETUMAL,9311-HOSP,31-mar-26,03 2026,2026,PERSONAL ISSSTE SN FDO,"$225,000.00","$36,000.00","$261,000.00",PAGO FACTURA KAPITEL (ISSSTE),002 NOMINA,002-01 Asimilados,EGRESO,HOSPITAL,
CHETUMAL,9311-HOSP,31-mar-26,03 2026,2026,OFICINA EN CAMPO,"$1,800.00",$288.00,"$2,088.00",PAGO FACTURA REPARACION COPIADORA ISSSTE,007 SERVICIOS EXTERNOS ,007-04 Consultorias,EGRESO,HOSPITAL,
CHETUMAL,9311-HOSP,31-mar-26,03 2026,2026,GASTO DE PERSONAL,"$6,443.72","$1,030.99","$7,474.71",ARTURO GUERRA ZUÑIGA,001 VIAJE,001-03 Viáticos,EGRESO,HOSPITAL,
CHETUMAL,9311-HOSP,31-mar-26,03 2026,2026,GASTO DE PERSONAL,$986.00,$157.76,"$1,143.76",STARLINK,004 PAGO DE SERVICIOS,004-04 Internet,EGRESO,HOSPITAL,
CHETUMAL,9311-GUARD,31-mar-26,03 2026,2026,GASTO DE PERSONAL,"$16,409.72","$2,625.55","$19,035.27",TRASPASO BANORTE PAGO FINIQUITO JOSE LUIS CANO,002 NOMINA,002-02 DDP,EGRESO,ESTANCIA,
CHETUMAL,9311-HOSP,31-mar-26,03 2026,2026,GASTO DE PERSONAL,"$4,336.16",$693.78,"$5,029.94",VIVABUS,001 VIAJE,001-01 Pasajes de Avion,EGRESO,HOSPITAL,
CHETUMAL,9311-HOSP,31-mar-26,03 2026,2026,GASTO DE PERSONAL,"$6,136.72",$981.87,"$7,118.59",VIVABUS ARTURO,001 VIAJE,001-01 Pasajes de Avion,EGRESO,HOSPITAL,
CHETUMAL,9311-HOSP,31-mar-26,03 2026,2026,GASTO DE PERSONAL,"$6,459.48","$1,033.52","$7,493.00",VOLARIS EDGAR ISSSTE,001 VIAJE,001-01 Pasajes de Avion,EGRESO,HOSPITAL,
CHETUMAL,9311-HOSP,31-mar-26,03 2026,2026,GASTO DE PERSONAL,"$4,484.48",$717.52,"$5,202.00",VOLARIS GABINO ISSSTE,001 VIAJE,001-01 Pasajes de Avion,EGRESO,HOSPITAL,
CHETUMAL,9311-HOSP,31-mar-26,03 2026,2026,GASTO DE PERSONAL,"$11,141.89",,"$11,141.89",YOSELI XIX TOLEDANO,002 NOMINA,002-02 DDP,EGRESO,HOSPITAL,
CHETUMAL,9311-HOSP,31-mar-26,03 2026,2026,GASTO DE PERSONAL,"$9,646.00","$1,543.36","$11,189.36",YOSELI XIX TOLEDANO,002 NOMINA,002-01 Asimilados,EGRESO,HOSPITAL,
CHETUMAL,9311-HOSP,31-mar-26,03 2026,2026,GASTO DE PERSONAL,$646.00,$104.00,$750.00,YOSELI XIX TOLEDANO,003 RENTAS,003-07 Equipo Celular,EGRESO,HOSPITAL,
CHETUMAL,9311-HOSP,31-mar-26,03 2026,2026,GASTO DE PERSONAL,"$1,294.00",$206.00,"$1,500.00",YOSELI XIX TOLEDANO,003 RENTAS,003-09 Equipo de Computo,EGRESO,HOSPITAL,
CHETUMAL,9311-HOSP,10-abr-26,04 2026,2026,CASETA MOBIL,"$9,000.00","$1,440.00","$10,440.00", ASESORES INMOBILIARIOS H CHETUMAL,003 RENTAS,003-02 Casetas,EGRESO,HOSPITAL,
CHETUMAL,9311-HOSP,10-abr-26,04 2026,2026,ANALISTA ISSSTE (CONCURSO),"$7,000.00","$1,120.00","$8,120.00",ADELAIDO PASTRANA DE LA CRUZ,007 SERVICIOS EXTERNOS ,007-04 Consultorias,EGRESO,HOSPITAL,
CHETUMAL,9311-HOSP,10-abr-26,04 2026,2026,GASTO OFNA DE CAMPO,"$15,250.00","$2,440.00","$17,690.00",ALICIA GABRIELA (RENTA CASA ARTURO),001 VIAJE,001-02 Hospedaje,EGRESO,HOSPITAL,
CHETUMAL,9311-HOSP,10-abr-26,04 2026,2026,GASTO OFNA DE CAMPO,"$11,260.75","$1,801.72","$13,062.47",CLARA ADRIANA CASA RENTA PARA OFICINA,003 RENTAS,003-02 Casetas,EGRESO,HOSPITAL,
CHETUMAL,9311-HOSP,10-abr-26,04 2026,2026,CASETA MOBIL,"$8,426.00","$1,348.16","$9,774.16",SCOTSMAN (RENTA CAMPER CHETUMAL),003 RENTAS,003-02 Casetas,EGRESO,HOSPITAL,
CHETUMAL,9311-HOSP,17-abr-26,04 2026,2026,CAMARAS DE SEGURIDAD,"$3,053.12",$488.50,"$3,541.62",EMANUEL EBRA INFORMACION CAMARAS,007 SERVICIOS EXTERNOS ,007-04 Consultorias,EGRESO,HOSPITAL,
CHETUMAL,9311-HOSP,17-abr-26,04 2026,2026,CAMARAS DE SEGURIDAD,"$6,363.67","$1,018.19","$7,381.86",EMANUEL EBRA INFORMACION CAMARAS,007 SERVICIOS EXTERNOS ,007-04 Consultorias,EGRESO,HOSPITAL,
CHETUMAL,9311-HOSP,17-abr-26,04 2026,2026,GASTO DE PERSONAL,"$8,189.66","$1,310.34","$9,500.00",ARTURO GUERRA ZUÑIGA,001 VIAJE,001-03 Viáticos,EGRESO,HOSPITAL,
CHETUMAL,9311-HOSP,17-abr-26,04 2026,2026,PERSONAL RESIDENTE,"$12,931.03","$2,068.97","$15,000.00",JORGE VIRGILIO GIL,007 SERVICIOS EXTERNOS ,007-04 Consultorias,EGRESO,HOSPITAL,
CHETUMAL,9311-HOSP,28-abr-26,04 2026,2026,INGRESO,"$1,238,195.98","$198,111.36","$1,436,307.34",PAGO FACTURA A0839,006 INGRESO,006-01 Pago fac sup,INGRESO,HOSPITAL,
CHETUMAL,9311-HOSP,30-abr-26,04 2026,2026,GASTO DE PERSONAL,$646.00,$104.00,$750.00,AARON DE AQUINO (PERSONAL ISSSTE),003 RENTAS,003-07 Equipo Celular,EGRESO,HOSPITAL,
CHETUMAL,9311-HOSP,30-abr-26,04 2026,2026,GASTO DE PERSONAL,$646.00,$104.00,$750.00,AARON DE AQUINO (PERSONAL ISSSTE),003 RENTAS,003-07 Equipo Celular,EGRESO,HOSPITAL,
CHETUMAL,9311-HOSP,30-abr-26,04 2026,2026,PAGO SOCIO,"$401,144.83","$64,183.17","$465,328.00",ACTURA 1012 SUBCONTRATO OBRA CHETUMAL,007 SERVICIOS EXTERNOS ,007-04 Consultorias,EGRESO,HOSPITAL,
CHETUMAL,9311-HOSP,30-abr-26,04 2026,2026,ANALISTA ISSSTE (CONCURSO),"$10,000.00","$1,600.00","$11,600.00",ADELAIDO PASTRANA DE LA CRUZ,007 SERVICIOS EXTERNOS ,007-04 Consultorias,EGRESO,HOSPITAL,
CHETUMAL,9311-HOSP,30-abr-26,04 2026,2026,GASTO DE PERSONAL,"$5,883.00",$941.28,"$6,824.28",ALEJANDRO RAMIREZ CORDERO,002 NOMINA,002-01 Asimilados,EGRESO,HOSPITAL,
CHETUMAL,9311-HOSP,30-abr-26,04 2026,2026,GASTO DE PERSONAL,"$11,141.89",,"$11,141.89",ALEJANDRO RAMIREZ CORDERO,002 NOMINA,002-02 DDP,EGRESO,HOSPITAL,
CHETUMAL,9311-HOSP,30-abr-26,04 2026,2026,GASTO DE PERSONAL,$646.00,$104.00,$750.00,ALEJANDRO RAMIREZ CORDERO,003 RENTAS,003-07 Equipo Celular,EGRESO,HOSPITAL,
CHETUMAL,9311-HOSP,30-abr-26,04 2026,2026,GASTO DE PERSONAL,"$1,294.00",$206.00,"$1,500.00",ALEJANDRO RAMIREZ CORDERO,003 RENTAS,003-09 Equipo de Computo,EGRESO,HOSPITAL,
CHETUMAL,9311-HOSP,30-abr-26,04 2026,2026,GASTO DE PERSONAL,"$11,141.89",,"$11,141.89",ANA VANESSA GARCIA CARBALLO,002 NOMINA,002-02 DDP,EGRESO,HOSPITAL,
CHETUMAL,9311-HOSP,30-abr-26,04 2026,2026,GASTO DE PERSONAL,"$4,823.00",$771.68,"$5,594.68",ANA VANESSA GARCIA CARBALLO,002 NOMINA,002-01 Asimilados,EGRESO,HOSPITAL,
CHETUMAL,9311-HOSP,30-abr-26,04 2026,2026,GASTO DE PERSONAL,$646.00,$104.00,$750.00,ANA VANESSA GARCIA CARBALLO,003 RENTAS,003-07 Equipo Celular,EGRESO,HOSPITAL,
CHETUMAL,9311-HOSP,30-abr-26,04 2026,2026,GASTO DE PERSONAL,"$1,294.00",$206.00,"$1,500.00",ANA VANESSA GARCIA CARBALLO,003 RENTAS,003-09 Equipo de Computo,EGRESO,HOSPITAL,
CHETUMAL,9311-HOSP,30-abr-26,04 2026,2026,PAGO SOCIO,"$401,107.48","$64,177.20","$465,284.68",ARTEDI 1011SUB CONTRATO ARTEDI,007 SERVICIOS EXTERNOS ,007-04 Consultorias,EGRESO,HOSPITAL,
CHETUMAL,9311-HOSP,30-abr-26,04 2026,2026,GASTO DE PERSONAL,"$8,913.51",,"$8,913.51",ARTURO GUERRA ZUÑIGA,002 NOMINA,002-02 DDP,EGRESO,HOSPITAL,
CHETUMAL,9311-HOSP,30-abr-26,04 2026,2026,GASTO DE PERSONAL,"$23,911.20","$3,825.79","$27,736.99",ARTURO GUERRA ZUÑIGA,002 NOMINA,002-01 Asimilados,EGRESO,HOSPITAL,
CHETUMAL,9311-HOSP,30-abr-26,04 2026,2026,GASTO DE PERSONAL,$646.00,$104.00,$750.00,ARTURO GUERRA ZUÑIGA,003 RENTAS,003-07 Equipo Celular,EGRESO,HOSPITAL,
CHETUMAL,9311-HOSP,30-abr-26,04 2026,2026,GASTO DE PERSONAL,"$1,294.00",$206.00,"$1,500.00",ARTURO GUERRA ZUÑIGA,003 RENTAS,003-09 Equipo de Computo,EGRESO,HOSPITAL,
CHETUMAL,9311-HOSP,30-abr-26,04 2026,2026,TRANSPORTE,"$10,344.83","$1,655.17","$12,000.00",AUTOMOVIL VW AUTOSUR (Gabino),003 RENTAS,003-10 Automovil / Camioneta,EGRESO,HOSPITAL,
CHETUMAL,9311-HOSP,30-abr-26,04 2026,2026,TRANSPORTE,"$10,344.83","$1,655.17","$12,000.00",AUTOMOVIL VW SAN FERNANDO,003 RENTAS,003-10 Automovil / Camioneta,EGRESO,HOSPITAL,
CHETUMAL,9311-HOSP,30-abr-26,04 2026,2026,TRANSPORTE,"$1,439.43",$230.31,"$1,669.74",CAVI (IAVE),006 AUTOS,006-2 Peajes,EGRESO,HOSPITAL,
CHETUMAL,9311-HOSP,30-abr-26,04 2026,2026,GASTO DE PERSONAL,"$2,317.75",$370.84,"$2,688.59",DHL,004 PAGO DE SERVICIOS,004-05 Mensajeria,EGRESO,HOSPITAL,
CHETUMAL,9311-HOSP,30-abr-26,04 2026,2026,GASTO DE PERSONAL,$646.00,$104.00,$750.00,EDGAR JIMENEZ (PERSONA ISSSTE),003 RENTAS,003-07 Equipo Celular,EGRESO,HOSPITAL,
CHETUMAL,9311-HOSP,30-abr-26,04 2026,2026,TRANSPORTE,"$5,161.97",$825.92,"$5,987.89",EFECTIVALE,006 AUTOS,006-01 Combustible,EGRESO,HOSPITAL,
CHETUMAL,9311-HOSP,30-abr-26,04 2026,2026,GASTO DE PERSONAL,"$8,913.51",,"$8,913.51",EMMANUEL PACHECO PEREZ,002 NOMINA,002-02 DDP,EGRESO,HOSPITAL,
CHETUMAL,9311-HOSP,30-abr-26,04 2026,2026,GASTO DE PERSONAL,"$10,169.64","$1,627.14","$11,796.78",EMMANUEL PACHECO PEREZ,002 NOMINA,002-01 Asimilados,EGRESO,HOSPITAL,
CHETUMAL,9311-HOSP,30-abr-26,04 2026,2026,GASTO DE PERSONAL,$646.00,$104.00,$750.00,EMMANUEL PACHECO PEREZ,003 RENTAS,003-07 Equipo Celular,EGRESO,HOSPITAL,
CHETUMAL,9311-HOSP,30-abr-26,04 2026,2026,GASTO DE PERSONAL,"$1,294.00",$206.00,"$1,500.00",EMMANUEL PACHECO PEREZ,003 RENTAS,003-09 Equipo de Computo,EGRESO,HOSPITAL,
CHETUMAL,9311-HOSP,30-abr-26,04 2026,2026,GASTO DE PERSONAL,"$8,189.66","$1,310.34","$9,500.00",ARTURO GUERRA ZUÑIGA,001 VIAJE,001-03 Viáticos,EGRESO,HOSPITAL,
CHETUMAL,9311-HOSP,30-abr-26,04 2026,2026,GASTO DE PERSONAL,"$11,141.89",,"$11,141.89",GILIBALDO GARCIA CASTILLO,002 NOMINA,002-02 DDP,EGRESO,HOSPITAL,
CHETUMAL,9311-HOSP,30-abr-26,04 2026,2026,GASTO DE PERSONAL,"$13,886.00","$2,221.76","$16,107.76",GILIBALDO GARCIA CASTILLO,002 NOMINA,002-01 Asimilados,EGRESO,HOSPITAL,
CHETUMAL,9311-HOSP,30-abr-26,04 2026,2026,GASTO DE PERSONAL,$646.00,$104.00,$750.00,GILIBALDO GARCIA CASTILLO,003 RENTAS,003-07 Equipo Celular,EGRESO,HOSPITAL,
CHETUMAL,9311-HOSP,30-abr-26,04 2026,2026,GASTO DE PERSONAL,"$1,294.00",$206.00,"$1,500.00",GILIBALDO GARCIA CASTILLO,003 RENTAS,003-09 Equipo de Computo,EGRESO,HOSPITAL,
CHETUMAL,9311-HOSP,30-abr-26,04 2026,2026,GASTO DE PERSONAL,"$11,141.89",,"$11,141.89",ISABEL PEREZ CRUZ,002 NOMINA,002-02 DDP,EGRESO,HOSPITAL,
CHETUMAL,9311-HOSP,30-abr-26,04 2026,2026,GASTO DE PERSONAL,"$5,883.00",$941.28,"$6,824.28",ISABEL PEREZ CRUZ,002 NOMINA,002-01 Asimilados,EGRESO,HOSPITAL,
CHETUMAL,9311-HOSP,30-abr-26,04 2026,2026,GASTO DE PERSONAL,$646.00,$104.00,$750.00,ISABEL PEREZ CRUZ,003 RENTAS,003-07 Equipo Celular,EGRESO,HOSPITAL,
CHETUMAL,9311-HOSP,30-abr-26,04 2026,2026,GASTO DE PERSONAL,"$1,294.00",$206.00,"$1,500.00",ISABEL PEREZ CRUZ,003 RENTAS,003-09 Equipo de Computo,EGRESO,HOSPITAL,
CHETUMAL,9311-HOSP,30-abr-26,04 2026,2026,GASTO DE PERSONAL,"$11,141.89",,"$11,141.89",ISAIAS CELERINO DIAZ FÉLIX,002 NOMINA,002-02 DDP,EGRESO,HOSPITAL,
CHETUMAL,9311-HOSP,30-abr-26,04 2026,2026,GASTO DE PERSONAL,"$10,801.40","$1,728.22","$12,529.62",ISAIAS CELERINO DIAZ FÉLIX,002 NOMINA,002-01 Asimilados,EGRESO,HOSPITAL,
CHETUMAL,9311-HOSP,30-abr-26,04 2026,2026,GASTO DE PERSONAL,$646.00,$104.00,$750.00,ISAIAS CELERINO DIAZ FÉLIX,003 RENTAS,003-07 Equipo Celular,EGRESO,HOSPITAL,
CHETUMAL,9311-HOSP,30-abr-26,04 2026,2026,GASTO DE PERSONAL,"$1,294.00",$206.00,"$1,500.00",ISAIAS CELERINO DIAZ FÉLIX,003 RENTAS,003-09 Equipo de Computo,EGRESO,HOSPITAL,
CHETUMAL,9311-HOSP,30-abr-26,04 2026,2026,BIOMEDICO,"$11,141.89",,"$11,141.89",IVAN CARRILLO PAUL,002 NOMINA,002-02 DDP,EGRESO,HOSPITAL,
CHETUMAL,9311-HOSP,30-abr-26,04 2026,2026,BIOMEDICO,"$22,366.00","$21,100.00","$25,944.56",IVAN CARRILLO PAUL,002 NOMINA,002-01 Asimilados,EGRESO,HOSPITAL,
CHETUMAL,9311-HOSP,30-abr-26,04 2026,2026,GASTO DE PERSONAL,"$8,913.51",,"$8,913.51",JESUS LEONARDO VELAZQUEZ ROCHA ,002 NOMINA,002-02 DDP,EGRESO,HOSPITAL,
CHETUMAL,9311-HOSP,30-abr-26,04 2026,2026,GASTO DE PERSONAL,"$12,168.80","$1,947.01","$14,115.81",JESUS LEONARDO VELAZQUEZ ROCHA ,002 NOMINA,002-01 Asimilados,EGRESO,HOSPITAL,
CHETUMAL,9311-HOSP,30-abr-26,04 2026,2026,GASTO DE PERSONAL,$646.00,$104.00,$750.00,JESUS LEONARDO VELAZQUEZ ROCHA ,003 RENTAS,003-07 Equipo Celular,EGRESO,HOSPITAL,
CHETUMAL,9311-HOSP,30-abr-26,04 2026,2026,GASTO DE PERSONAL,"$1,294.00",$206.00,"$1,500.00",JESUS LEONARDO VELAZQUEZ ROCHA ,003 RENTAS,003-09 Equipo de Computo,EGRESO,HOSPITAL,
CHETUMAL,9311-HOSP,30-abr-26,04 2026,2026,GASTO DE PERSONAL,"$11,141.89",,"$11,141.89",JORGE RUPERTO DURAN OJEDA,002 NOMINA,002-02 DDP,EGRESO,HOSPITAL,
CHETUMAL,9311-HOSP,30-abr-26,04 2026,2026,GASTO DE PERSONAL,"$9,646.00","$1,543.36","$11,189.36",JORGE RUPERTO DURAN OJEDA,002 NOMINA,002-01 Asimilados,EGRESO,HOSPITAL,
CHETUMAL,9311-HOSP,30-abr-26,04 2026,2026,GASTO DE PERSONAL,$646.00,$104.00,$750.00,JORGE RUPERTO DURAN OJEDA,003 RENTAS,003-07 Equipo Celular,EGRESO,HOSPITAL,
CHETUMAL,9311-HOSP,30-abr-26,04 2026,2026,GASTO DE PERSONAL,"$1,294.00",$206.00,"$1,500.00",JORGE RUPERTO DURAN OJEDA,003 RENTAS,003-09 Equipo de Computo,EGRESO,HOSPITAL,
CHETUMAL,9311-HOSP,30-abr-26,04 2026,2026,PERSONAL RESIDENTE,$646.00,$104.00,$750.00,JORGE VIRGILIO GIL,003 RENTAS,003-07 Equipo Celular,EGRESO,HOSPITAL,
CHETUMAL,9311-HOSP,30-abr-26,04 2026,2026,PERSONAL RESIDENTE,"$1,294.00",$206.00,"$1,500.00",JORGE VIRGILIO GIL,003 RENTAS,003-09 Equipo de Computo,EGRESO,HOSPITAL,
CHETUMAL,9311-HOSP,30-abr-26,04 2026,2026,PERSONAL RESIDENTE,"$12,931.03","$2,068.97","$15,000.00",JORGE VIRGILIO GIL,007 SERVICIOS EXTERNOS ,007-04 Consultorias,EGRESO,HOSPITAL,
CHETUMAL,9311-HOSP,30-abr-26,04 2026,2026,GASTO DE PERSONAL,"$1,294.00",$206.00,"$1,500.00",MONICA DE LUCERO (PERSONAL ISSSTE),003 RENTAS,003-09 Equipo de Computo,EGRESO,HOSPITAL,
CHETUMAL,9311-HOSP,30-abr-26,04 2026,2026,GASTO DE PERSONAL,"$1,294.00",$206.00,"$1,500.00",MONICA DE LUCERO (PERSONAL ISSSTE),003 RENTAS,003-09 Equipo de Computo,EGRESO,HOSPITAL,
CHETUMAL,9311-HOSP,30-abr-26,04 2026,2026,GASTO DE PERSONAL,"$5,088.36",$814.14,"$5,902.50",OFFICE DEPOT,003 COMPRAS,003-06 Papelería,EGRESO,HOSPITAL,
CHETUMAL,9311-HOSP,30-abr-26,04 2026,2026,PERSONAL ISSSTE SN FDO,"$145,000.00","$23,200.00","$168,200.00",PAGO FAC CONSTRUTODO,002 NOMINA,002-01 Asimilados,EGRESO,HOSPITAL,
CHETUMAL,9311-HOSP,30-abr-26,04 2026,2026,INGRESO,"$1,651,687.31","$264,269.97","$1,915,957.28",PAGO FACTURA A0841 ESTIMACION 06,006 INGRESO,006-01 Pago fac sup,INGRESO,HOSPITAL,
CHETUMAL,9311-HOSP,30-abr-26,04 2026,2026,PERSONAL ISSSTE SN FDO,"$225,000.00","$36,000.00","$261,000.00",PAGO FACTURA KAPITEL (ISSSTE),002 NOMINA,002-01 Asimilados,EGRESO,HOSPITAL,
CHETUMAL,9311-HOSP,30-abr-26,04 2026,2026,GASTO DE PERSONAL,$986.00,$157.76,"$1,143.76",STARLINK,004 PAGO DE SERVICIOS,004-04 Internet,EGRESO,HOSPITAL,
CHETUMAL,9311-HOSP,30-abr-26,04 2026,2026,GASTO DE PERSONAL,"$11,141.89",,"$11,141.89",YOSELI XIX TOLEDANO,002 NOMINA,002-02 DDP,EGRESO,HOSPITAL,
CHETUMAL,9311-HOSP,30-abr-26,04 2026,2026,GASTO DE PERSONAL,"$9,646.00","$1,543.36","$11,189.36",YOSELI XIX TOLEDANO,002 NOMINA,002-01 Asimilados,EGRESO,HOSPITAL,
CHETUMAL,9311-HOSP,30-abr-26,04 2026,2026,GASTO DE PERSONAL,$646.00,$104.00,$750.00,YOSELI XIX TOLEDANO,003 RENTAS,003-07 Equipo Celular,EGRESO,HOSPITAL,
CHETUMAL,9311-HOSP,30-abr-26,04 2026,2026,GASTO DE PERSONAL,"$1,294.00",$206.00,"$1,500.00",YOSELI XIX TOLEDANO,003 RENTAS,003-09 Equipo de Computo,EGRESO,HOSPITAL,
CHETUMAL,9311-HOSP,04-may-26,05 2026,2026,CAMARAS DE SEGURIDAD,"$70,420.66","$11,267.30","$81,687.96",EMANUEL EBRA INFORMACION CAMARAS,007 SERVICIOS EXTERNOS ,007-04 Consultorias,EGRESO,HOSPITAL,
CHETUMAL,9311-HOSP,08-may-26,05 2026,2026,CASETA MOBIL,"$9,000.00","$1,440.00","$10,440.00", ASESORES INMOBILIARIOS H CHETUMAL,003 RENTAS,003-02 Casetas,EGRESO,HOSPITAL,
CHETUMAL,9311-HOSP,08-may-26,05 2026,2026,GASTO OFNA DE CAMPO,"$15,000.00","$2,400.00","$17,400.00",ALICIA GABRIELA (RENTA CASA ARTURO),001 VIAJE,001-02 Hospedaje,EGRESO,HOSPITAL,
CHETUMAL,9311-HOSP,08-may-26,05 2026,2026,TRANSPORTE,"$10,344.83","$1,655.17","$12,000.00",AUTOMOVIL VW AUTOSUR (Gabino),003 RENTAS,003-10 Automovil / Camioneta,EGRESO,HOSPITAL,
CHETUMAL,9311-HOSP,08-may-26,05 2026,2026,CASETA MOBIL,"$8,426.00","$1,348.16","$9,774.16",SCOTSMAN (RENTA CAMPER CHETUMAL),003 RENTAS,003-02 Casetas,EGRESO,HOSPITAL,
CHETUMAL,9311-HOSP,08-may-26,05 2026,2026,TRANSPORTE,"$10,344.83","$1,655.17","$12,000.00",AUTOMOVIL VW SAN FERNANDO,003 RENTAS,003-10 Automovil / Camioneta,EGRESO,HOSPITAL,
CHETUMAL,9311-HOSP,11-may-26,05 2026,2026,TRANSPORTE,"$2,413.79",$386.21,"$2,800.00",TRAMITE VEHICULAR CAMBIO DE PROPIETARIO SPORTAGE,004 PAGO DE SERVICIOS,003-11 Cuotas y Suscripciones,EGRESO,HOSPITAL,
CHETUMAL,9311-HOSP,11-may-26,05 2026,2026,TRANSPORTE,"$10,258.62","$1,641.38","$11,900.00",TRAMITE VEHICULAR VIRTUS CHETUMAL,004 PAGO DE SERVICIOS,003-11 Cuotas y Suscripciones,EGRESO,HOSPITAL,
CHETUMAL,9311-HOSP,15-may-26,05 2026,2026,GASTO OFNA DE CAMPO,"$11,540.52","$1,846.48","$13,387.00",CLARA ADRIANA CASA RENTA PARA OFICINA,003 RENTAS,003-02 Casetas,EGRESO,HOSPITAL,
CHETUMAL,9311-HOSP,15-may-26,05 2026,2026,CAMARAS DE SEGURIDAD,"$3,053.12",$488.50,"$3,541.62",EMANUEL EBRA INFORMACION CAMARAS,007 SERVICIOS EXTERNOS ,007-04 Consultorias,EGRESO,HOSPITAL,
CHETUMAL,9311-HOSP,15-may-26,05 2026,2026,CAMARAS DE SEGURIDAD,"$6,363.67","$1,018.19","$7,381.86",EMANUEL EBRA INFORMACION CAMARAS,007 SERVICIOS EXTERNOS ,007-04 Consultorias,EGRESO,HOSPITAL,
CHETUMAL,9311-HOSP,15-may-26,05 2026,2026,GASTO DE PERSONAL,"$5,603.45",$896.55,"$6,500.00",ARTURO GUERRA ZUÑIGA,001 VIAJE,001-03 Viáticos,EGRESO,HOSPITAL,
CHETUMAL,9311-HOSP,15-may-26,05 2026,2026,PERSONAL RESIDENTE,"$12,931.03","$2,068.97","$15,000.00",JORGE VIRGILIO GIL,007 SERVICIOS EXTERNOS ,007-04 Consultorias,EGRESO,HOSPITAL,
CHETUMAL,9311-HOSP,20-may-26,05 2026,2026,PAGO SOCIO,"$101,896.89","$16,303.50","$118,200.39", ASESORES INMOBILIARIOS H CHETUMAL,007 SERVICIOS EXTERNOS ,007-04 Consultorias,EGRESO,HOSPITAL,
CHETUMAL,9311-HOSP,20-may-26,05 2026,2026,PAGO SOCIO,"$306,505.61","$49,040.90","$355,546.51", ASESORES INMOBILIARIOS H CHETUMAL,007 SERVICIOS EXTERNOS ,007-04 Consultorias,EGRESO,HOSPITAL,
CHETUMAL,9311-HOSP,21-may-26,05 2026,2026,GASTO DE PERSONAL,"$3,318.97",$531.03,"$3,850.00",JESUS LEONARDO VELAZQUEZ ROCHA ,001 VIAJE,001-03 Viáticos,EGRESO,HOSPITAL,
CHETUMAL,9311-HOSP,22-may-26,05 2026,2026,TRANSPORTE,"$10,289.80","$1,646.37","$11,936.17",CARGO DOMICILIARIO FINANCIAMIENTO ,003 RENTAS,003-10 Automovil / Camioneta,EGRESO,HOSPITAL,
CHETUMAL,9311-HOSP,26-may-26,05 2026,2026,GASTO DE PERSONAL,$456.12,$72.98,$529.10,EMMANUEL PACHECO PEREZ,001 VIAJE,001-03 Viáticos,EGRESO,HOSPITAL,
CHETUMAL,9311-HOSP,26-may-26,05 2026,2026,GASTO DE PERSONAL,$771.59,$123.46,$895.05,PAGO FACTURA ASSAAD GHANEM BORDADO CHALECOS,007 SERVICIOS EXTERNOS ,007-04 Consultorias,EGRESO,HOSPITAL,
CHETUMAL,9311-HOSP,28-may-26,05 2026,2026,TRANSPORTE,$862.07,$137.93,"$1,000.00",GASTOS A COMPROBAR OSCAR LIRA (COMPLEMENTO TENENCIA VIRTUS),004 PAGO DE SERVICIOS,003-11 Cuotas y Suscripciones,EGRESO,HOSPITAL,
CHETUMAL,9311-HOSP,29-may-26,05 2026,2026,CAMARAS DE SEGURIDAD,"$30,180.07","$4,828.81","$35,008.88",EMANUEL EBRA INFORMACION CAMARAS,007 SERVICIOS EXTERNOS ,007-04 Consultorias,EGRESO,HOSPITAL,
CHETUMAL,9311-HOSP,29-may-26,05 2026,2026,GASTO DE PERSONAL,"$11,637.93","$1,862.07","$13,500.00",ARTURO GUERRA ZUÑIGA,003 COMPRAS,003-08 Equipo  de Seguridad,EGRESO,HOSPITAL,
CHETUMAL,9311-HOSP,29-may-26,05 2026,2026,PERSONAL RESIDENTE,"$12,931.03","$2,068.97","$15,000.00",JORGE VIRGILIO GIL,007 SERVICIOS EXTERNOS ,007-04 Consultorias,EGRESO,HOSPITAL,
CHETUMAL,9311-HOSP,29-may-26,05 2026,2026,ANALISTA ISSSTE (CONCURSO),"$10,000.00","$1,600.00","$11,600.00",ADELAIDO PASTRANA DE LA CRUZ,007 SERVICIOS EXTERNOS ,007-04 Consultorias,EGRESO,HOSPITAL,
CHETUMAL,9311-HOSP,29-may-26,05 2026,2026,ANALISTA ISSSTE (CONCURSO),"$3,017.24",$482.76,"$3,500.00",ADELAIDO PASTRANA DE LA CRUZ,007 SERVICIOS EXTERNOS ,007-04 Consultorias,EGRESO,HOSPITAL,
CHETUMAL,9311-HOSP,29-may-26,05 2026,2026,GASTO DE PERSONAL,"$7,758.62","$1,241.38","$9,000.00",ARTURO GUERRA ZUÑIGA,001 VIAJE,001-03 Viáticos,EGRESO,HOSPITAL,
CHETUMAL,9311-HOSP,30-may-26,05 2026,2026,TRANSPORTE,$647.54,$103.61,$751.15,CAVI (IAVE),006 AUTOS,006-2 Peajes,EGRESO,HOSPITAL,
CHETUMAL,9311-HOSP,30-may-26,05 2026,2026,GASTO DE PERSONAL,"$3,534.39",$565.50,"$4,099.89",VIVABUS ARTURO,001 VIAJE,001-01 Pasajes de Avion,EGRESO,HOSPITAL,
CHETUMAL,9311-HOSP,30-may-26,05 2026,2026,GASTO DE PERSONAL,"$1,442.41",$230.79,"$1,673.20",OFFICE DEPOT,003 COMPRAS,003-06 Papelería,EGRESO,HOSPITAL,
CHETUMAL,9311-HOSP,30-may-26,05 2026,2026,GASTO DE PERSONAL,$986.00,$157.76,"$1,143.76",STARLINK,004 PAGO DE SERVICIOS,004-04 Internet,EGRESO,HOSPITAL,
CHETUMAL,9311-HOSP,31-may-26,05 2026,2026,PERSONAL ISSSTE SN FDO,"$225,000.00","$36,000.00","$261,000.00",PAGO FACTURA KAPITEL (ISSSTE),002 NOMINA,002-01 Asimilados,EGRESO,HOSPITAL,
CHETUMAL,9311-HOSP,31-may-26,05 2026,2026,GASTO DE PERSONAL,"$5,883.00",$941.28,"$6,824.28",ALEJANDRO RAMIREZ CORDERO,002 NOMINA,002-01 Asimilados,EGRESO,HOSPITAL,
CHETUMAL,9311-HOSP,31-may-26,05 2026,2026,GASTO DE PERSONAL,"$11,141.89",,"$11,141.89",ALEJANDRO RAMIREZ CORDERO,002 NOMINA,002-02 DDP,EGRESO,HOSPITAL,
CHETUMAL,9311-HOSP,31-may-26,05 2026,2026,GASTO DE PERSONAL,"$11,141.89",,"$11,141.89",ANA VANESSA GARCIA CARBALLO,002 NOMINA,002-02 DDP,EGRESO,HOSPITAL,
CHETUMAL,9311-HOSP,31-may-26,05 2026,2026,GASTO DE PERSONAL,"$4,823.00",$771.68,"$5,594.68",ANA VANESSA GARCIA CARBALLO,002 NOMINA,002-01 Asimilados,EGRESO,HOSPITAL,
CHETUMAL,9311-HOSP,31-may-26,05 2026,2026,GASTO DE PERSONAL,"$8,913.51",,"$8,913.51",ARTURO GUERRA ZUÑIGA,002 NOMINA,002-02 DDP,EGRESO,HOSPITAL,
CHETUMAL,9311-HOSP,31-may-26,05 2026,2026,GASTO DE PERSONAL,"$23,911.20","$3,825.79","$27,736.99",ARTURO GUERRA ZUÑIGA,002 NOMINA,002-01 Asimilados,EGRESO,HOSPITAL,
CHETUMAL,9311-HOSP,31-may-26,05 2026,2026,GASTO DE PERSONAL,"$8,913.51",,"$8,913.51",EMMANUEL PACHECO PEREZ,002 NOMINA,002-02 DDP,EGRESO,HOSPITAL,
CHETUMAL,9311-HOSP,31-may-26,05 2026,2026,GASTO DE PERSONAL,"$10,169.64","$1,627.14","$11,796.78",EMMANUEL PACHECO PEREZ,002 NOMINA,002-01 Asimilados,EGRESO,HOSPITAL,
CHETUMAL,9311-HOSP,31-may-26,05 2026,2026,GASTO DE PERSONAL,"$11,141.89",,"$11,141.89",GILIBALDO GARCIA CASTILLO,002 NOMINA,002-02 DDP,EGRESO,HOSPITAL,
CHETUMAL,9311-HOSP,31-may-26,05 2026,2026,GASTO DE PERSONAL,"$13,886.00","$2,221.76","$16,107.76",GILIBALDO GARCIA CASTILLO,002 NOMINA,002-01 Asimilados,EGRESO,HOSPITAL,
CHETUMAL,9311-HOSP,31-may-26,05 2026,2026,GASTO DE PERSONAL,"$11,141.89",,"$11,141.89",ISABEL PEREZ CRUZ,002 NOMINA,002-02 DDP,EGRESO,HOSPITAL,
CHETUMAL,9311-HOSP,31-may-26,05 2026,2026,GASTO DE PERSONAL,"$5,883.00",$941.28,"$6,824.28",ISABEL PEREZ CRUZ,002 NOMINA,002-01 Asimilados,EGRESO,HOSPITAL,
CHETUMAL,9311-HOSP,31-may-26,05 2026,2026,GASTO DE PERSONAL,"$11,141.89",,"$11,141.89",ISAIAS CELERINO DIAZ FÉLIX,002 NOMINA,002-02 DDP,EGRESO,HOSPITAL,
CHETUMAL,9311-HOSP,31-may-26,05 2026,2026,GASTO DE PERSONAL,"$10,801.40","$1,728.22","$12,529.62",ISAIAS CELERINO DIAZ FÉLIX,002 NOMINA,002-01 Asimilados,EGRESO,HOSPITAL,
CHETUMAL,9311-HOSP,31-may-26,05 2026,2026,BIOMEDICO,"$11,141.89",,"$11,141.89",IVAN CARRILLO PAUL,002 NOMINA,002-02 DDP,EGRESO,HOSPITAL,
CHETUMAL,9311-HOSP,31-may-26,05 2026,2026,BIOMEDICO,"$22,366.00","$21,100.00","$25,944.56",IVAN CARRILLO PAUL,002 NOMINA,002-01 Asimilados,EGRESO,HOSPITAL,
CHETUMAL,9311-HOSP,31-may-26,05 2026,2026,GASTO DE PERSONAL,"$8,913.51",,"$8,913.51",JESUS LEONARDO VELAZQUEZ ROCHA ,002 NOMINA,002-02 DDP,EGRESO,HOSPITAL,
CHETUMAL,9311-HOSP,31-may-26,05 2026,2026,GASTO DE PERSONAL,"$12,168.80","$1,947.01","$14,115.81",JESUS LEONARDO VELAZQUEZ ROCHA ,002 NOMINA,002-01 Asimilados,EGRESO,HOSPITAL,
CHETUMAL,9311-HOSP,31-may-26,05 2026,2026,GASTO DE PERSONAL,"$11,141.89",,"$11,141.89",JORGE RUPERTO DURAN OJEDA,002 NOMINA,002-02 DDP,EGRESO,HOSPITAL,
CHETUMAL,9311-HOSP,31-may-26,05 2026,2026,GASTO DE PERSONAL,"$9,646.00","$1,543.36","$11,189.36",JORGE RUPERTO DURAN OJEDA,002 NOMINA,002-01 Asimilados,EGRESO,HOSPITAL,
CHETUMAL,9311-HOSP,31-may-26,05 2026,2026,GASTO DE PERSONAL,"$11,141.89",,"$11,141.89",YOSELI XIX TOLEDANO,002 NOMINA,002-02 DDP,EGRESO,HOSPITAL,
CHETUMAL,9311-HOSP,31-may-26,05 2026,2026,GASTO DE PERSONAL,"$9,646.00","$1,543.36","$11,189.36",YOSELI XIX TOLEDANO,002 NOMINA,002-01 Asimilados,EGRESO,HOSPITAL,
CHETUMAL,9311-HOSP,31-may-26,05 2026,2026,GASTO DE PERSONAL,"$11,140.71",,"$11,140.71",DANIEL AARON HERNANDEZ CANTON,002 NOMINA,002-02 DDP,EGRESO,HOSPITAL,
CHETUMAL,9311-HOSP,31-may-26,05 2026,2026,GASTO DE PERSONAL,"$16,101.40","$2,576.22","$18,677.62",DANIEL AARON HERNANDEZ CANTON,002 NOMINA,002-01 Asimilados,EGRESO,HOSPITAL,
CHETUMAL,9311-HOSP,31-may-26,05 2026,2026,GASTO DE PERSONAL,$646.00,$104.00,$750.00,DANIEL AARON HERNANDEZ CANTON,003 RENTAS,003-07 Equipo Celular,EGRESO,HOSPITAL,
CHETUMAL,9311-HOSP,31-may-26,05 2026,2026,GASTO DE PERSONAL,"$1,294.00",$206.00,"$1,500.00",DANIEL AARON HERNANDEZ CANTON,003 RENTAS,003-09 Equipo de Computo,EGRESO,HOSPITAL,
CHETUMAL,9311-HOSP,31-may-26,05 2026,2026,GASTO DE PERSONAL,$646.00,$104.00,$750.00,AARON DE AQUINO (PERSONAL ISSSTE),003 RENTAS,003-07 Equipo Celular,EGRESO,HOSPITAL,
CHETUMAL,9311-HOSP,31-may-26,05 2026,2026,GASTO DE PERSONAL,$646.00,$104.00,$750.00,AARON DE AQUINO (PERSONAL ISSSTE),003 RENTAS,003-07 Equipo Celular,EGRESO,HOSPITAL,
CHETUMAL,9311-HOSP,31-may-26,05 2026,2026,GASTO DE PERSONAL,$646.00,$104.00,$750.00,ALEJANDRO RAMIREZ CORDERO,003 RENTAS,003-07 Equipo Celular,EGRESO,HOSPITAL,
CHETUMAL,9311-HOSP,31-may-26,05 2026,2026,GASTO DE PERSONAL,"$1,294.00",$206.00,"$1,500.00",ALEJANDRO RAMIREZ CORDERO,003 RENTAS,003-09 Equipo de Computo,EGRESO,HOSPITAL,
CHETUMAL,9311-HOSP,31-may-26,05 2026,2026,GASTO DE PERSONAL,$646.00,$104.00,$750.00,ANA VANESSA GARCIA CARBALLO,003 RENTAS,003-07 Equipo Celular,EGRESO,HOSPITAL,
CHETUMAL,9311-HOSP,31-may-26,05 2026,2026,GASTO DE PERSONAL,"$1,294.00",$206.00,"$1,500.00",ANA VANESSA GARCIA CARBALLO,003 RENTAS,003-09 Equipo de Computo,EGRESO,HOSPITAL,
CHETUMAL,9311-HOSP,31-may-26,05 2026,2026,GASTO DE PERSONAL,$646.00,$104.00,$750.00,ARTURO GUERRA ZUÑIGA,003 RENTAS,003-07 Equipo Celular,EGRESO,HOSPITAL,
CHETUMAL,9311-HOSP,31-may-26,05 2026,2026,GASTO DE PERSONAL,"$1,294.00",$206.00,"$1,500.00",ARTURO GUERRA ZUÑIGA,003 RENTAS,003-09 Equipo de Computo,EGRESO,HOSPITAL,
CHETUMAL,9311-HOSP,31-may-26,05 2026,2026,GASTO DE PERSONAL,$646.00,$104.00,$750.00,EDGAR JIMENEZ (PERSONA ISSSTE),003 RENTAS,003-07 Equipo Celular,EGRESO,HOSPITAL,
CHETUMAL,9311-HOSP,31-may-26,05 2026,2026,GASTO DE PERSONAL,$646.00,$104.00,$750.00,EMMANUEL PACHECO PEREZ,003 RENTAS,003-07 Equipo Celular,EGRESO,HOSPITAL,
CHETUMAL,9311-HOSP,31-may-26,05 2026,2026,GASTO DE PERSONAL,"$1,294.00",$206.00,"$1,500.00",EMMANUEL PACHECO PEREZ,003 RENTAS,003-09 Equipo de Computo,EGRESO,HOSPITAL,
CHETUMAL,9311-HOSP,31-may-26,05 2026,2026,GASTO DE PERSONAL,$646.00,$104.00,$750.00,GILIBALDO GARCIA CASTILLO,003 RENTAS,003-07 Equipo Celular,EGRESO,HOSPITAL,
CHETUMAL,9311-HOSP,31-may-26,05 2026,2026,GASTO DE PERSONAL,"$1,294.00",$206.00,"$1,500.00",GILIBALDO GARCIA CASTILLO,003 RENTAS,003-09 Equipo de Computo,EGRESO,HOSPITAL,
CHETUMAL,9311-HOSP,31-may-26,05 2026,2026,GASTO DE PERSONAL,$646.00,$104.00,$750.00,ISABEL PEREZ CRUZ,003 RENTAS,003-07 Equipo Celular,EGRESO,HOSPITAL,
CHETUMAL,9311-HOSP,31-may-26,05 2026,2026,GASTO DE PERSONAL,"$1,294.00",$206.00,"$1,500.00",ISABEL PEREZ CRUZ,003 RENTAS,003-09 Equipo de Computo,EGRESO,HOSPITAL,
CHETUMAL,9311-HOSP,31-may-26,05 2026,2026,GASTO DE PERSONAL,$646.00,$104.00,$750.00,ISAIAS CELERINO DIAZ FÉLIX,003 RENTAS,003-07 Equipo Celular,EGRESO,HOSPITAL,
CHETUMAL,9311-HOSP,31-may-26,05 2026,2026,GASTO DE PERSONAL,"$1,294.00",$206.00,"$1,500.00",ISAIAS CELERINO DIAZ FÉLIX,003 RENTAS,003-09 Equipo de Computo,EGRESO,HOSPITAL,
CHETUMAL,9311-HOSP,31-may-26,05 2026,2026,GASTO DE PERSONAL,$646.00,$104.00,$750.00,JESUS LEONARDO VELAZQUEZ ROCHA ,003 RENTAS,003-07 Equipo Celular,EGRESO,HOSPITAL,
CHETUMAL,9311-HOSP,31-may-26,05 2026,2026,GASTO DE PERSONAL,"$1,294.00",$206.00,"$1,500.00",JESUS LEONARDO VELAZQUEZ ROCHA ,003 RENTAS,003-09 Equipo de Computo,EGRESO,HOSPITAL,
CHETUMAL,9311-HOSP,31-may-26,05 2026,2026,GASTO DE PERSONAL,$646.00,$104.00,$750.00,JORGE RUPERTO DURAN OJEDA,003 RENTAS,003-07 Equipo Celular,EGRESO,HOSPITAL,
CHETUMAL,9311-HOSP,31-may-26,05 2026,2026,GASTO DE PERSONAL,"$1,294.00",$206.00,"$1,500.00",JORGE RUPERTO DURAN OJEDA,003 RENTAS,003-09 Equipo de Computo,EGRESO,HOSPITAL,
CHETUMAL,9311-HOSP,31-may-26,05 2026,2026,PERSONAL RESIDENTE,$646.00,$104.00,$750.00,JORGE VIRGILIO GIL,003 RENTAS,003-07 Equipo Celular,EGRESO,HOSPITAL,
CHETUMAL,9311-HOSP,31-may-26,05 2026,2026,PERSONAL RESIDENTE,"$1,294.00",$206.00,"$1,500.00",JORGE VIRGILIO GIL,003 RENTAS,003-09 Equipo de Computo,EGRESO,HOSPITAL,
CHETUMAL,9311-HOSP,31-may-26,05 2026,2026,GASTO DE PERSONAL,"$1,294.00",$206.00,"$1,500.00",MONICA DE LUCERO (PERSONAL ISSSTE),003 RENTAS,003-09 Equipo de Computo,EGRESO,HOSPITAL,
CHETUMAL,9311-HOSP,31-may-26,05 2026,2026,GASTO DE PERSONAL,"$1,294.00",$206.00,"$1,500.00",MONICA DE LUCERO (PERSONAL ISSSTE),003 RENTAS,003-09 Equipo de Computo,EGRESO,HOSPITAL,
CHETUMAL,9311-HOSP,31-may-26,05 2026,2026,GASTO DE PERSONAL,$646.00,$104.00,$750.00,YOSELI XIX TOLEDANO,003 RENTAS,003-07 Equipo Celular,EGRESO,HOSPITAL,
CHETUMAL,9311-HOSP,31-may-26,05 2026,2026,GASTO DE PERSONAL,"$1,294.00",$206.00,"$1,500.00",YOSELI XIX TOLEDANO,003 RENTAS,003-09 Equipo de Computo,EGRESO,HOSPITAL,
CHETUMAL,9311-HOSP,31-may-26,05 2026,2026,TRANSPORTE,"$10,642.74","$1,702.84","$12,345.58",EFECTIVALE,006 AUTOS,006-01 Combustible,EGRESO,HOSPITAL,
CHETUMAL,9311-HOSP,03-jun-26,06 2026,2026,MENSAJERIA,"$2,214.00",$354.24,"$2,568.24",PAGO FACTURA (GASTOS) EMMANUEL,004 PAGO DE SERVICIOS,004-05 Mensajeria,EGRESO,HOSPITAL,
CHETUMAL,9311-HOSP,05-jun-26,06 2026,2026,GASTO OFNA DE CAMPO,"$11,540.52","$1,846.48","$13,387.00",CLARA ADRIANA CASA RENTA PARA OFICINA,003 RENTAS,003-02 Casetas,EGRESO,HOSPITAL,
CHETUMAL,9311-HOSP,05-jun-26,06 2026,2026,GASTO OFNA DE CAMPO,"$15,000.00","$2,400.00","$17,400.00",ALICIA GABRIELA (RENTA CASA ARTURO),001 VIAJE,001-02 Hospedaje,EGRESO,HOSPITAL,
CHETUMAL,9311-HOSP,07-jun-26,06 2026,2026,CASETA MOBIL,"$8,426.00","$1,348.16","$9,774.16",SCOTSMAN (RENTA CAMPER CHETUMAL),003 RENTAS,003-02 Casetas,EGRESO,HOSPITAL,
CHETUMAL,9311-HOSP,08-jun-26,06 2026,2026,TRANSPORTE,"$10,344.83","$1,655.17","$12,000.00",AUTOMOVIL VW AUTOSUR (Gabino),003 RENTAS,003-10 Automovil / Camioneta,EGRESO,HOSPITAL,
CHETUMAL,9311-HOSP,16-jun-26,06 2026,2026,TRANSPORTE,"$10,344.83","$1,655.17","$12,000.00",AUTOMOVIL VW SAN FERNANDO,003 RENTAS,003-10 Automovil / Camioneta,EGRESO,HOSPITAL,
CHETUMAL,9311-HOSP,17-jun-26,06 2026,2026,GASTO DE PERSONAL,"$3,879.31",$620.69,"$4,500.00",ARTURO GUERRA ZUÑIGA,001 VIAJE,001-03 Viáticos,EGRESO,HOSPITAL,
CHETUMAL,9311-HOSP,17-jun-26,06 2026,2026,PERSONAL RESIDENTE,"$12,931.03","$2,068.97","$15,000.00",JORGE VIRGILIO GIL,007 SERVICIOS EXTERNOS ,007-04 Consultorias,EGRESO,HOSPITAL,
CHETUMAL,9311-HOSP,19-jun-26,06 2026,2026,CAMARAS DE SEGURIDAD,"$3,053.12",$488.50,"$3,541.62",EMANUEL EBRA INFORMACION CAMARAS,007 SERVICIOS EXTERNOS ,007-04 Consultorias,EGRESO,HOSPITAL,
CHETUMAL,9311-HOSP,19-jun-26,06 2026,2026,CAMARAS DE SEGURIDAD,"$6,363.68","$1,018.19","$7,381.87",EMANUEL EBRA INFORMACION CAMARAS,007 SERVICIOS EXTERNOS ,007-04 Consultorias,EGRESO,HOSPITAL,
CHETUMAL,9311-HOSP,22-jun-26,06 2026,2026,GASTO DE PERSONAL,$750.00,$120.00,$870.00,JESUS LEONARDO VELAZQUEZ ROCHA ,001 VIAJE,001-03 Viáticos,EGRESO,HOSPITAL,
CHETUMAL,9311-HOSP,25-jun-26,06 2026,2026,GASTO DE PERSONAL,"$1,724.14",$275.86,"$2,000.00",AARON DE AQUINO (PERSONAL ISSSTE),001 VIAJE,001-03 Viáticos,EGRESO,HOSPITAL,
CHETUMAL,9311-HOSP,25-jun-26,06 2026,2026,GASTO DE PERSONAL,"$1,724.14",$275.86,"$2,000.00",GASTOS A COMPROBAR EMMANUEL,001 VIAJE,001-03 Viáticos,EGRESO,HOSPITAL,
CHETUMAL,9311-HOSP,25-jun-26,06 2026,2026,MENSAJERIA,"$2,347.57",$375.61,"$2,723.18",PAGO FACTURA EMMANUEL,004 PAGO DE SERVICIOS,004-05 Mensajeria,EGRESO,HOSPITAL,
CHETUMAL,9311-HOSP,25-jun-26,06 2026,2026,GASTO DE PERSONAL,"$8,000.86","$1,280.14","$9,281.00",ARTURO GUERRA ZUÑIGA,001 VIAJE,001-03 Viáticos,EGRESO,HOSPITAL,
CHETUMAL,9311-HOSP,25-jun-26,06 2026,2026,GASTO DE PERSONAL,"$3,448.28",$551.72,"$4,000.00",AARON DE AQUINO (PERSONAL ISSSTE),001 VIAJE,001-03 Viáticos,EGRESO,HOSPITAL,
CHETUMAL,9311-HOSP,26-jun-26,06 2026,2026,TRANSPORTE,"$4,974.14",$795.86,"$5,770.00",PAGO FACTURA AUTO HAUS SERVICIO VIRTUS,004 PAGO DE SERVICIOS,003-11 Cuotas y Suscripciones,EGRESO,HOSPITAL,
CHETUMAL,9311-HOSP,30-jun-26,06 2026,2026,PERSONAL ISSSTE SN FDO,"$225,000.00","$36,000.00","$261,000.00",PAGO FACTURA KAPITEL (ISSSTE),002 NOMINA,002-01 Asimilados,EGRESO,HOSPITAL,
CHETUMAL,9311-HOSP,30-jun-26,06 2026,2026,GASTO DE PERSONAL,"$5,883.00",$941.28,"$6,824.28",ALEJANDRO RAMIREZ CORDERO,002 NOMINA,002-01 Asimilados,EGRESO,HOSPITAL,
CHETUMAL,9311-HOSP,30-jun-26,06 2026,2026,GASTO DE PERSONAL,"$11,141.89",,"$11,141.89",ALEJANDRO RAMIREZ CORDERO,002 NOMINA,002-02 DDP,EGRESO,HOSPITAL,
CHETUMAL,9311-HOSP,30-jun-26,06 2026,2026,GASTO DE PERSONAL,"$11,141.89",,"$11,141.89",ANA VANESSA GARCIA CARBALLO,002 NOMINA,002-02 DDP,EGRESO,HOSPITAL,
CHETUMAL,9311-HOSP,30-jun-26,06 2026,2026,GASTO DE PERSONAL,"$4,823.00",$771.68,"$5,594.68",ANA VANESSA GARCIA CARBALLO,002 NOMINA,002-01 Asimilados,EGRESO,HOSPITAL,
CHETUMAL,9311-HOSP,30-jun-26,06 2026,2026,GASTO DE PERSONAL,"$8,913.51",,"$8,913.51",ARTURO GUERRA ZUÑIGA,002 NOMINA,002-02 DDP,EGRESO,HOSPITAL,
CHETUMAL,9311-HOSP,30-jun-26,06 2026,2026,GASTO DE PERSONAL,"$23,911.20","$3,825.79","$27,736.99",ARTURO GUERRA ZUÑIGA,002 NOMINA,002-01 Asimilados,EGRESO,HOSPITAL,
CHETUMAL,9311-HOSP,30-jun-26,06 2026,2026,GASTO DE PERSONAL,"$8,913.51",,"$8,913.51",EMMANUEL PACHECO PEREZ,002 NOMINA,002-02 DDP,EGRESO,HOSPITAL,
CHETUMAL,9311-HOSP,30-jun-26,06 2026,2026,GASTO DE PERSONAL,"$10,169.64","$1,627.14","$11,796.78",EMMANUEL PACHECO PEREZ,002 NOMINA,002-01 Asimilados,EGRESO,HOSPITAL,
CHETUMAL,9311-HOSP,30-jun-26,06 2026,2026,GASTO DE PERSONAL,"$11,141.89",,"$11,141.89",GILIBALDO GARCIA CASTILLO,002 NOMINA,002-02 DDP,EGRESO,HOSPITAL,
CHETUMAL,9311-HOSP,30-jun-26,06 2026,2026,GASTO DE PERSONAL,"$13,886.00","$2,221.76","$16,107.76",GILIBALDO GARCIA CASTILLO,002 NOMINA,002-01 Asimilados,EGRESO,HOSPITAL,
CHETUMAL,9311-HOSP,30-jun-26,06 2026,2026,GASTO DE PERSONAL,"$11,141.89",,"$11,141.89",ISABEL PEREZ CRUZ,002 NOMINA,002-02 DDP,EGRESO,HOSPITAL,
CHETUMAL,9311-HOSP,30-jun-26,06 2026,2026,GASTO DE PERSONAL,"$5,883.00",$941.28,"$6,824.28",ISABEL PEREZ CRUZ,002 NOMINA,002-01 Asimilados,EGRESO,HOSPITAL,
CHETUMAL,9311-HOSP,30-jun-26,06 2026,2026,GASTO DE PERSONAL,"$11,141.89",,"$11,141.89",ISAIAS CELERINO DIAZ FÉLIX,002 NOMINA,002-02 DDP,EGRESO,HOSPITAL,
CHETUMAL,9311-HOSP,30-jun-26,06 2026,2026,GASTO DE PERSONAL,"$10,801.40","$1,728.22","$12,529.62",ISAIAS CELERINO DIAZ FÉLIX,002 NOMINA,002-01 Asimilados,EGRESO,HOSPITAL,
CHETUMAL,9311-HOSP,30-jun-26,06 2026,2026,BIOMEDICO,"$11,141.89",,"$11,141.89",IVAN CARRILLO PAUL,002 NOMINA,002-02 DDP,EGRESO,HOSPITAL,
CHETUMAL,9311-HOSP,30-jun-26,06 2026,2026,BIOMEDICO,"$22,366.00","$21,100.00","$25,944.56",IVAN CARRILLO PAUL,002 NOMINA,002-01 Asimilados,EGRESO,HOSPITAL,
CHETUMAL,9311-HOSP,30-jun-26,06 2026,2026,GASTO DE PERSONAL,"$8,913.51",,"$8,913.51",JESUS LEONARDO VELAZQUEZ ROCHA ,002 NOMINA,002-02 DDP,EGRESO,HOSPITAL,
CHETUMAL,9311-HOSP,30-jun-26,06 2026,2026,GASTO DE PERSONAL,"$12,168.80","$1,947.01","$14,115.81",JESUS LEONARDO VELAZQUEZ ROCHA ,002 NOMINA,002-01 Asimilados,EGRESO,HOSPITAL,
CHETUMAL,9311-HOSP,30-jun-26,06 2026,2026,GASTO DE PERSONAL,"$11,141.89",,"$11,141.89",JORGE RUPERTO DURAN OJEDA,002 NOMINA,002-02 DDP,EGRESO,HOSPITAL,
CHETUMAL,9311-HOSP,30-jun-26,06 2026,2026,GASTO DE PERSONAL,"$9,646.00","$1,543.36","$11,189.36",JORGE RUPERTO DURAN OJEDA,002 NOMINA,002-01 Asimilados,EGRESO,HOSPITAL,
CHETUMAL,9311-HOSP,30-jun-26,06 2026,2026,GASTO DE PERSONAL,"$11,141.89",,"$11,141.89",YOSELI XIX TOLEDANO,002 NOMINA,002-02 DDP,EGRESO,HOSPITAL,
CHETUMAL,9311-HOSP,30-jun-26,06 2026,2026,GASTO DE PERSONAL,"$9,646.00","$1,543.36","$11,189.36",YOSELI XIX TOLEDANO,002 NOMINA,002-01 Asimilados,EGRESO,HOSPITAL,
CHETUMAL,9311-HOSP,30-jun-26,06 2026,2026,GASTO DE PERSONAL,"$11,140.71",,"$11,140.71",DANIEL AARON HERNANDEZ CANTON,002 NOMINA,002-02 DDP,EGRESO,HOSPITAL,
CHETUMAL,9311-HOSP,30-jun-26,06 2026,2026,GASTO DE PERSONAL,"$16,101.40","$2,576.22","$18,677.62",DANIEL AARON HERNANDEZ CANTON,002 NOMINA,002-01 Asimilados,EGRESO,HOSPITAL,
CHETUMAL,9311-HOSP,30-jun-26,06 2026,2026,GASTO DE PERSONAL,"$4,725.86",$756.14,"$5,482.00",OFFICE DEPOT,003 COMPRAS,003-06 Papelería,EGRESO,HOSPITAL,
CHETUMAL,9311-HOSP,30-jun-26,06 2026,2026,GASTO DE PERSONAL,$542.24,$86.76,$629.00,OFFICE DEPOT,003 COMPRAS,003-06 Papelería,EGRESO,HOSPITAL,
CHETUMAL,9311-HOSP,30-jun-26,06 2026,2026,GASTO DE PERSONAL,"$7,671.55","$1,227.45","$8,899.00",OFFICE DEPOT,003 COMPRAS,003-06 Papelería,EGRESO,HOSPITAL,
CHETUMAL,9311-HOSP,30-jun-26,06 2026,2026,GASTO DE PERSONAL,$986.00,$157.76,"$1,143.76",STARLINK,004 PAGO DE SERVICIOS,004-04 Internet,EGRESO,HOSPITAL,
CHETUMAL,9311-HOSP,30-jun-26,06 2026,2026,GASTO DE PERSONAL,"$45,086.21","$7,213.79","$52,300.00",AUTODESK,003 RENTAS,005-04 Licencias,EGRESO,HOSPITAL,
CHETUMAL,9311-HOSP,30-jun-26,06 2026,2026,GASTO DE PERSONAL,"$22,008.62","$3,521.38","$25,530.00",VOLARIS (PERSONAL ISSSTE),001 VIAJE,001-01 Pasajes de Avion,EGRESO,HOSPITAL,
CHETUMAL,9311-HOSP,30-jun-26,06 2026,2026,GASTO DE PERSONAL,$646.00,$104.00,$750.00,DANIEL AARON HERNANDEZ CANTON,003 RENTAS,003-07 Equipo Celular,EGRESO,HOSPITAL,
CHETUMAL,9311-HOSP,30-jun-26,06 2026,2026,GASTO DE PERSONAL,"$1,294.00",$206.00,"$1,500.00",DANIEL AARON HERNANDEZ CANTON,003 RENTAS,003-09 Equipo de Computo,EGRESO,HOSPITAL,
CHETUMAL,9311-HOSP,30-jun-26,06 2026,2026,GASTO DE PERSONAL,$646.00,$104.00,$750.00,AARON DE AQUINO (PERSONAL ISSSTE),003 RENTAS,003-07 Equipo Celular,EGRESO,HOSPITAL,
CHETUMAL,9311-HOSP,30-jun-26,06 2026,2026,GASTO DE PERSONAL,$646.00,$104.00,$750.00,AARON DE AQUINO (PERSONAL ISSSTE),003 RENTAS,003-07 Equipo Celular,EGRESO,HOSPITAL,
CHETUMAL,9311-HOSP,30-jun-26,06 2026,2026,GASTO DE PERSONAL,$646.00,$104.00,$750.00,ALEJANDRO RAMIREZ CORDERO,003 RENTAS,003-07 Equipo Celular,EGRESO,HOSPITAL,
CHETUMAL,9311-HOSP,30-jun-26,06 2026,2026,GASTO DE PERSONAL,"$1,294.00",$206.00,"$1,500.00",ALEJANDRO RAMIREZ CORDERO,003 RENTAS,003-09 Equipo de Computo,EGRESO,HOSPITAL,
CHETUMAL,9311-HOSP,30-jun-26,06 2026,2026,GASTO DE PERSONAL,$646.00,$104.00,$750.00,ANA VANESSA GARCIA CARBALLO,003 RENTAS,003-07 Equipo Celular,EGRESO,HOSPITAL,
CHETUMAL,9311-HOSP,30-jun-26,06 2026,2026,GASTO DE PERSONAL,"$1,294.00",$206.00,"$1,500.00",ANA VANESSA GARCIA CARBALLO,003 RENTAS,003-09 Equipo de Computo,EGRESO,HOSPITAL,
CHETUMAL,9311-HOSP,30-jun-26,06 2026,2026,GASTO DE PERSONAL,$646.00,$104.00,$750.00,ARTURO GUERRA ZUÑIGA,003 RENTAS,003-07 Equipo Celular,EGRESO,HOSPITAL,
CHETUMAL,9311-HOSP,30-jun-26,06 2026,2026,GASTO DE PERSONAL,"$1,294.00",$206.00,"$1,500.00",ARTURO GUERRA ZUÑIGA,003 RENTAS,003-09 Equipo de Computo,EGRESO,HOSPITAL,
CHETUMAL,9311-HOSP,30-jun-26,06 2026,2026,GASTO DE PERSONAL,$646.00,$104.00,$750.00,EDGAR JIMENEZ (PERSONA ISSSTE),003 RENTAS,003-07 Equipo Celular,EGRESO,HOSPITAL,
CHETUMAL,9311-HOSP,30-jun-26,06 2026,2026,GASTO DE PERSONAL,$646.00,$104.00,$750.00,EMMANUEL PACHECO PEREZ,003 RENTAS,003-07 Equipo Celular,EGRESO,HOSPITAL,
CHETUMAL,9311-HOSP,30-jun-26,06 2026,2026,GASTO DE PERSONAL,"$1,294.00",$206.00,"$1,500.00",EMMANUEL PACHECO PEREZ,003 RENTAS,003-09 Equipo de Computo,EGRESO,HOSPITAL,
CHETUMAL,9311-HOSP,30-jun-26,06 2026,2026,GASTO DE PERSONAL,$646.00,$104.00,$750.00,GILIBALDO GARCIA CASTILLO,003 RENTAS,003-07 Equipo Celular,EGRESO,HOSPITAL,
CHETUMAL,9311-HOSP,30-jun-26,06 2026,2026,GASTO DE PERSONAL,"$1,294.00",$206.00,"$1,500.00",GILIBALDO GARCIA CASTILLO,003 RENTAS,003-09 Equipo de Computo,EGRESO,HOSPITAL,
CHETUMAL,9311-HOSP,30-jun-26,06 2026,2026,GASTO DE PERSONAL,$646.00,$104.00,$750.00,ISABEL PEREZ CRUZ,003 RENTAS,003-07 Equipo Celular,EGRESO,HOSPITAL,
CHETUMAL,9311-HOSP,30-jun-26,06 2026,2026,GASTO DE PERSONAL,"$1,294.00",$206.00,"$1,500.00",ISABEL PEREZ CRUZ,003 RENTAS,003-09 Equipo de Computo,EGRESO,HOSPITAL,
CHETUMAL,9311-HOSP,30-jun-26,06 2026,2026,GASTO DE PERSONAL,$646.00,$104.00,$750.00,ISAIAS CELERINO DIAZ FÉLIX,003 RENTAS,003-07 Equipo Celular,EGRESO,HOSPITAL,
CHETUMAL,9311-HOSP,30-jun-26,06 2026,2026,GASTO DE PERSONAL,"$1,294.00",$206.00,"$1,500.00",ISAIAS CELERINO DIAZ FÉLIX,003 RENTAS,003-09 Equipo de Computo,EGRESO,HOSPITAL,
CHETUMAL,9311-HOSP,30-jun-26,06 2026,2026,GASTO DE PERSONAL,$646.00,$104.00,$750.00,JESUS LEONARDO VELAZQUEZ ROCHA ,003 RENTAS,003-07 Equipo Celular,EGRESO,HOSPITAL,
CHETUMAL,9311-HOSP,30-jun-26,06 2026,2026,GASTO DE PERSONAL,"$1,294.00",$206.00,"$1,500.00",JESUS LEONARDO VELAZQUEZ ROCHA ,003 RENTAS,003-09 Equipo de Computo,EGRESO,HOSPITAL,
CHETUMAL,9311-HOSP,30-jun-26,06 2026,2026,GASTO DE PERSONAL,$646.00,$104.00,$750.00,JORGE RUPERTO DURAN OJEDA,003 RENTAS,003-07 Equipo Celular,EGRESO,HOSPITAL,
CHETUMAL,9311-HOSP,30-jun-26,06 2026,2026,GASTO DE PERSONAL,"$1,294.00",$206.00,"$1,500.00",JORGE RUPERTO DURAN OJEDA,003 RENTAS,003-09 Equipo de Computo,EGRESO,HOSPITAL,
CHETUMAL,9311-HOSP,30-jun-26,06 2026,2026,PERSONAL RESIDENTE,$646.00,$104.00,$750.00,JORGE VIRGILIO GIL,003 RENTAS,003-07 Equipo Celular,EGRESO,HOSPITAL,
CHETUMAL,9311-HOSP,30-jun-26,06 2026,2026,PERSONAL RESIDENTE,"$1,294.00",$206.00,"$1,500.00",JORGE VIRGILIO GIL,003 RENTAS,003-09 Equipo de Computo,EGRESO,HOSPITAL,
CHETUMAL,9311-HOSP,30-jun-26,06 2026,2026,GASTO DE PERSONAL,"$1,294.00",$206.00,"$1,500.00",MONICA DE LUCERO (PERSONAL ISSSTE),003 RENTAS,003-09 Equipo de Computo,EGRESO,HOSPITAL,
CHETUMAL,9311-HOSP,30-jun-26,06 2026,2026,GASTO DE PERSONAL,"$1,294.00",$206.00,"$1,500.00",MONICA DE LUCERO (PERSONAL ISSSTE),003 RENTAS,003-09 Equipo de Computo,EGRESO,HOSPITAL,
CHETUMAL,9311-HOSP,30-jun-26,06 2026,2026,GASTO DE PERSONAL,$646.00,$104.00,$750.00,YOSELI XIX TOLEDANO,003 RENTAS,003-07 Equipo Celular,EGRESO,HOSPITAL,
CHETUMAL,9311-HOSP,30-jun-26,06 2026,2026,GASTO DE PERSONAL,"$1,294.00",$206.00,"$1,500.00",YOSELI XIX TOLEDANO,003 RENTAS,003-09 Equipo de Computo,EGRESO,HOSPITAL,
CHETUMAL,9311-HOSP,30-jun-26,06 2026,2026,TRANSPORTE,"$1,903.53",$304.57,"$2,208.10",CAVI (IAVE),006 AUTOS,006-2 Peajes,EGRESO,HOSPITAL,
CHETUMAL,9311-HOSP,30-jun-26,06 2026,2026,TRANSPORTE,"$11,751.24","$1,880.20","$13,631.44",EFECTIVALE,006 AUTOS,006-01 Combustible,EGRESO,HOSPITAL,
CHETUMAL,9311-HOSP,30-jun-26,06 2026,2026,PERSONAL ISSSTE SN FDO,"$225,000.00","$36,000.00","$261,000.00",PAGO FACTURA KAPITEL (ISSSTE),002 NOMINA,002-01 Asimilados,EGRESO,HOSPITAL,
CHETUMAL,9311-HOSP,01-jul-26,07 2026,2026,PERSONAL RESIDENTE,"$12,931.03","$2,068.97","$15,000.00",JORGE VIRGILIO GIL,007 SERVICIOS EXTERNOS ,007-04 Consultorias,EGRESO,HOSPITAL,
CHETUMAL,9311-HOSP,03-jul-26,07 2026,2026,MENSAJERIA,$887.07,$141.93,"$1,029.00",EMMANUEL PACHECO PEREZ,004 PAGO DE SERVICIOS,004-05 Mensajeria,EGRESO,HOSPITAL,
CHETUMAL,9311-HOSP,03-jul-26,07 2026,2026,GASTO DE PERSONAL,"$6,620.69","$1,059.31","$7,680.00",ARTURO GUERRA ZUÑIGA,001 VIAJE,001-03 Viáticos,EGRESO,HOSPITAL,
CHETUMAL,9311-HOSP,03-jul-26,07 2026,2026,GASTO OFNA DE CAMPO,"$10,491.38","$1,678.62","$12,170.00",PAGO FACTURA CLARA ADRIANA,003 RENTAS,003-02 Casetas,EGRESO,HOSPITAL,
CHETUMAL,9311-HOSP,08-jul-26,07 2026,2026,TRANSPORTE,"$10,344.83","$1,655.17","$12,000.00",AUTOMOVIL VW SAN FERNANDO,003 RENTAS,003-10 Automovil / Camioneta,EGRESO,HOSPITAL,
CHETUMAL,9311-HOSP,09-jul-26,07 2026,2026,GASTO OFNA DE CAMPO,"$15,000.00","$2,400.00","$17,400.00",ALICIA GABRIELA (RENTA CASA ARTURO),001 VIAJE,001-02 Hospedaje,EGRESO,HOSPITAL,
CHETUMAL,9311-HOSP,10-jul-26,07 2026,2026,GASTO DE PERSONAL,"$1,348.28",$215.72,"$1,564.00",GASTOS A COMPROBAR MARISOL,001 VIAJE,001-03 Viáticos,EGRESO,HOSPITAL,
CHETUMAL,9311-HOSP,10-jul-26,07 2026,2026,ALVEAR,"$150,000.00","$24,000.00","$174,000.00",PAGO FACTURA CARLOS ALVEAR,007 SERVICIOS EXTERNOS ,007-04 Consultorias,EGRESO,HOSPITAL,
CHETUMAL,9311-HOSP,15-jul-26,07 2026,2026,PERSONAL RESIDENTE,"$12,931.03","$2,068.97","$15,000.00",JORGE VIRGILIO GIL,007 SERVICIOS EXTERNOS ,007-04 Consultorias,EGRESO,HOSPITAL,
CHETUMAL,9311-HOSP,17-jul-26,07 2026,2026,CAMARAS DE SEGURIDAD,"$6,363.68","$1,018.19","$7,381.87",EMANUEL EBRA INFORMACION CAMARAS,007 SERVICIOS EXTERNOS ,007-04 Consultorias,EGRESO,HOSPITAL,
CHETUMAL,9311-HOSP,17-jul-26,07 2026,2026,CAMARAS DE SEGURIDAD,"$3,053.12",$488.50,"$3,541.62",EMANUEL EBRA INFORMACION CAMARAS,007 SERVICIOS EXTERNOS ,007-04 Consultorias,EGRESO,HOSPITAL,
CHETUMAL,9311-HOSP,17-jul-26,07 2026,2026,MENSAJERIA,$996.53,$159.45,"$1,155.98",EMMANUEL PACHECO PEREZ,004 PAGO DE SERVICIOS,004-05 Mensajeria,EGRESO,HOSPITAL,
CHETUMAL,9311-HOSP,17-jul-26,07 2026,2026,INGRESO,"$2,447,289.55","$391,566.33","$2,838,855.88",PAGO FACTURA ,006 INGRESO,006-01 Pago fac sup,INGRESO,HOSPITAL,
CHETUMAL,9311-HOSP,21-jul-26,07 2026,2026,CASETA MOBIL,"$7,300.00","$1,168.00","$8,468.00",DEPOSITO EN GARANTIA RENTA CASA CHETUMAL,003 RENTAS,003-02 Casetas,EGRESO,HOSPITAL,
CHETUMAL,9311-HOSP,22-jul-26,07 2026,2026,TRANSPORTE,"$10,344.83","$1,655.17","$12,000.00",AUTOMOVIL VW AUTOSUR (Gabino),003 RENTAS,003-10 Automovil / Camioneta,EGRESO,HOSPITAL,
CHETUMAL,9311-HOSP,24-jul-26,07 2026,2026,PAGO SOCIO,"$401,107.28","$64,177.16","$465,284.44",PAGO FACTURA ARTEDI,007 SERVICIOS EXTERNOS ,007-04 Consultorias,EGRESO,HOSPITAL,
CHETUMAL,9311-HOSP,24-jul-26,07 2026,2026,ANALISTA ISSSTE (CONCURSO),"$3,017.24",$482.76,"$3,500.00",ADELAIDO PASTRANA DE LA CRUZ,007 SERVICIOS EXTERNOS ,007-04 Consultorias,EGRESO,HOSPITAL,
CHETUMAL,9311-HOSP,24-jul-26,07 2026,2026,ANALISTA ISSSTE (CONCURSO),"$3,017.24",$482.76,"$3,500.00",ADELAIDO PASTRANA DE LA CRUZ,007 SERVICIOS EXTERNOS ,007-04 Consultorias,EGRESO,HOSPITAL,
CHETUMAL,9311-HOSP,24-jul-26,07 2026,2026,GASTO DE PERSONAL,"$11,925.86","$1,908.14","$13,834.00",PAGO NOTAS ARTURO,001 VIAJE,001-03 Viáticos,EGRESO,HOSPITAL,
CHETUMAL,9311-HOSP,24-jul-26,07 2026,2026,CASETA MOBIL,"$8,426.00","$1,348.16","$9,774.16",SCOTSMAN (RENTA CAMPER CHETUMAL),003 RENTAS,003-02 Casetas,EGRESO,HOSPITAL,
CHETUMAL,9311-HOSP,28-jul-26,07 2026,2026,TRANSPORTE,"$13,448.28","$2,151.72","$15,600.00",SERVICIO CAMIONETA CHETUMAL,006 AUTOS,006-06 Mtto equip transport,EGRESO,HOSPITAL,
CHETUMAL,9311-HOSP,29-jul-26,07 2026,2026,GASTO DE PERSONAL,"$4,061.56",$649.85,"$4,711.41",EMMANUEL PACHECO PEREZ,001 VIAJE,001-03 Viáticos,EGRESO,HOSPITAL,
CHETUMAL,9311-HOSP,30-jul-26,07 2026,2026,PAGO SOCIO,"$101,896.89","$16,303.50","$118,200.39",PAGO FACTURA ASESORES INMOBILIAIOS,007 SERVICIOS EXTERNOS ,007-04 Consultorias,EGRESO,HOSPITAL,
CHETUMAL,9311-HOSP,30-jul-26,07 2026,2026,PAGO SOCIO,"$187,432.65","$29,989.22","$217,421.87",PAGO FACTURA ASESORES INMOBILIAIOS,007 SERVICIOS EXTERNOS ,007-04 Consultorias,EGRESO,HOSPITAL,
CHETUMAL,9311-HOSP,30-jul-26,07 2026,2026,GASTO DE PERSONAL,"$3,859.30",$617.49,"$4,476.79",VIVABUS ARTURO,001 VIAJE,001-01 Pasajes de Avion,EGRESO,HOSPITAL,
CHETUMAL,9311-HOSP,30-jul-26,07 2026,2026,GASTO DE PERSONAL,"$5,398.54",$863.77,"$6,262.31",VIVABUS ARTURO,001 VIAJE,001-01 Pasajes de Avion,EGRESO,HOSPITAL,
CHETUMAL,9311-HOSP,30-jul-26,07 2026,2026,TRANSPORTE,"$2,285.84",$365.73,"$2,651.57",CAVI (IAVE),006 AUTOS,006-2 Peajes,EGRESO,HOSPITAL,
CHETUMAL,9311-HOSP,30-jul-26,07 2026,2026,GASTO DE PERSONAL,$986.00,$157.76,"$1,143.76",STARLINK,004 PAGO DE SERVICIOS,004-04 Internet,EGRESO,HOSPITAL,
CHETUMAL,9311-HOSP,31-jul-26,07 2026,2026,GASTO DE PERSONAL,"$5,883.00",$941.28,"$6,824.28",ALEJANDRO RAMIREZ CORDERO,002 NOMINA,002-01 Asimilados,EGRESO,HOSPITAL,
CHETUMAL,9311-HOSP,31-jul-26,07 2026,2026,GASTO DE PERSONAL,"$11,141.89",,"$11,141.89",ALEJANDRO RAMIREZ CORDERO,002 NOMINA,002-02 DDP,EGRESO,HOSPITAL,
CHETUMAL,9311-HOSP,31-jul-26,07 2026,2026,GASTO DE PERSONAL,"$11,141.89",,"$11,141.89",ANA VANESSA GARCIA CARBALLO,002 NOMINA,002-02 DDP,EGRESO,HOSPITAL,
CHETUMAL,9311-HOSP,31-jul-26,07 2026,2026,GASTO DE PERSONAL,"$4,823.00",$771.68,"$5,594.68",ANA VANESSA GARCIA CARBALLO,002 NOMINA,002-01 Asimilados,EGRESO,HOSPITAL,
CHETUMAL,9311-HOSP,31-jul-26,07 2026,2026,GASTO DE PERSONAL,"$8,913.51",,"$8,913.51",ARTURO GUERRA ZUÑIGA,002 NOMINA,002-02 DDP,EGRESO,HOSPITAL,
CHETUMAL,9311-HOSP,31-jul-26,07 2026,2026,GASTO DE PERSONAL,"$23,911.20","$3,825.79","$27,736.99",ARTURO GUERRA ZUÑIGA,002 NOMINA,002-01 Asimilados,EGRESO,HOSPITAL,
CHETUMAL,9311-HOSP,31-jul-26,07 2026,2026,GASTO DE PERSONAL,"$8,913.51",,"$8,913.51",EMMANUEL PACHECO PEREZ,002 NOMINA,002-02 DDP,EGRESO,HOSPITAL,
CHETUMAL,9311-HOSP,31-jul-26,07 2026,2026,GASTO DE PERSONAL,"$10,169.64","$1,627.14","$11,796.78",EMMANUEL PACHECO PEREZ,002 NOMINA,002-01 Asimilados,EGRESO,HOSPITAL,
CHETUMAL,9311-HOSP,31-jul-26,07 2026,2026,GASTO DE PERSONAL,"$11,141.89",,"$11,141.89",GILIBALDO GARCIA CASTILLO,002 NOMINA,002-02 DDP,EGRESO,HOSPITAL,
CHETUMAL,9311-HOSP,31-jul-26,07 2026,2026,GASTO DE PERSONAL,"$13,886.00","$2,221.76","$16,107.76",GILIBALDO GARCIA CASTILLO,002 NOMINA,002-01 Asimilados,EGRESO,HOSPITAL,
CHETUMAL,9311-HOSP,31-jul-26,07 2026,2026,GASTO DE PERSONAL,"$11,141.89",,"$11,141.89",ISABEL PEREZ CRUZ,002 NOMINA,002-02 DDP,EGRESO,HOSPITAL,
CHETUMAL,9311-HOSP,31-jul-26,07 2026,2026,GASTO DE PERSONAL,"$5,883.00",$941.28,"$6,824.28",ISABEL PEREZ CRUZ,002 NOMINA,002-01 Asimilados,EGRESO,HOSPITAL,
CHETUMAL,9311-HOSP,31-jul-26,07 2026,2026,GASTO DE PERSONAL,"$11,141.89",,"$11,141.89",ISAIAS CELERINO DIAZ FÉLIX,002 NOMINA,002-02 DDP,EGRESO,HOSPITAL,
CHETUMAL,9311-HOSP,31-jul-26,07 2026,2026,GASTO DE PERSONAL,"$10,801.40","$1,728.22","$12,529.62",ISAIAS CELERINO DIAZ FÉLIX,002 NOMINA,002-01 Asimilados,EGRESO,HOSPITAL,
CHETUMAL,9311-HOSP,31-jul-26,07 2026,2026,BIOMEDICO,"$11,141.89",,"$11,141.89",IVAN CARRILLO PAUL,002 NOMINA,002-02 DDP,EGRESO,HOSPITAL,
CHETUMAL,9311-HOSP,31-jul-26,07 2026,2026,BIOMEDICO,"$22,366.00","$21,100.00","$25,944.56",IVAN CARRILLO PAUL,002 NOMINA,002-01 Asimilados,EGRESO,HOSPITAL,
CHETUMAL,9311-HOSP,31-jul-26,07 2026,2026,GASTO DE PERSONAL,"$8,913.51",,"$8,913.51",JESUS LEONARDO VELAZQUEZ ROCHA ,002 NOMINA,002-02 DDP,EGRESO,HOSPITAL,
CHETUMAL,9311-HOSP,31-jul-26,07 2026,2026,GASTO DE PERSONAL,"$12,168.80","$1,947.01","$14,115.81",JESUS LEONARDO VELAZQUEZ ROCHA ,002 NOMINA,002-01 Asimilados,EGRESO,HOSPITAL,
CHETUMAL,9311-HOSP,31-jul-26,07 2026,2026,GASTO DE PERSONAL,"$11,141.89",,"$11,141.89",JORGE RUPERTO DURAN OJEDA,002 NOMINA,002-02 DDP,EGRESO,HOSPITAL,
CHETUMAL,9311-HOSP,31-jul-26,07 2026,2026,GASTO DE PERSONAL,"$9,646.00","$1,543.36","$11,189.36",JORGE RUPERTO DURAN OJEDA,002 NOMINA,002-01 Asimilados,EGRESO,HOSPITAL,
CHETUMAL,9311-HOSP,31-jul-26,07 2026,2026,GASTO DE PERSONAL,"$11,141.89",,"$11,141.89",YOSELI XIX TOLEDANO,002 NOMINA,002-02 DDP,EGRESO,HOSPITAL,
CHETUMAL,9311-HOSP,31-jul-26,07 2026,2026,GASTO DE PERSONAL,"$9,646.00","$1,543.36","$11,189.36",YOSELI XIX TOLEDANO,002 NOMINA,002-01 Asimilados,EGRESO,HOSPITAL,
CHETUMAL,9311-HOSP,31-jul-26,07 2026,2026,GASTO DE PERSONAL,"$11,140.71",,"$11,140.71",DANIEL AARON HERNANDEZ CANTON,002 NOMINA,002-02 DDP,EGRESO,HOSPITAL,
CHETUMAL,9311-HOSP,31-jul-26,07 2026,2026,GASTO DE PERSONAL,"$16,101.40","$2,576.22","$18,677.62",DANIEL AARON HERNANDEZ CANTON,002 NOMINA,002-01 Asimilados,EGRESO,HOSPITAL,
CHETUMAL,9311-HOSP,31-jul-26,07 2026,2026,GASTO DE PERSONAL,"$7,189.37",,"$7,189.37",PAGO FINIQUITO JULIAN,002 NOMINA,002-02 DDP,EGRESO,HOSPITAL,
CHETUMAL,9311-HOSP,31-jul-26,07 2026,2026,TRANSPORTE,"$10,034.78","$1,605.56","$11,640.34",EFECTIVALE,006 AUTOS,006-01 Combustible,EGRESO,HOSPITAL,
CHETUMAL,9311-HOSP,31-jul-26,07 2026,2026,GASTO DE PERSONAL,"$6,950.86","$1,112.14","$8,063.00",ARTURO GUERRA ZUÑIGA,001 VIAJE,001-03 Viáticos,EGRESO,HOSPITAL,
CHETUMAL,9311-HOSP,31-jul-26,07 2026,2026,GASTO DE PERSONAL,$646.00,$104.00,$750.00,DANIEL AARON HERNANDEZ CANTON,003 RENTAS,003-07 Equipo Celular,EGRESO,HOSPITAL,
CHETUMAL,9311-HOSP,31-jul-26,07 2026,2026,GASTO DE PERSONAL,"$1,294.00",$206.00,"$1,500.00",DANIEL AARON HERNANDEZ CANTON,003 RENTAS,003-09 Equipo de Computo,EGRESO,HOSPITAL,
CHETUMAL,9311-HOSP,31-jul-26,07 2026,2026,GASTO DE PERSONAL,$646.00,$104.00,$750.00,AARON DE AQUINO (PERSONAL ISSSTE),003 RENTAS,003-07 Equipo Celular,EGRESO,HOSPITAL,
CHETUMAL,9311-HOSP,31-jul-26,07 2026,2026,GASTO DE PERSONAL,$646.00,$104.00,$750.00,AARON DE AQUINO (PERSONAL ISSSTE),003 RENTAS,003-07 Equipo Celular,EGRESO,HOSPITAL,
CHETUMAL,9311-HOSP,31-jul-26,07 2026,2026,GASTO DE PERSONAL,$646.00,$104.00,$750.00,ALEJANDRO RAMIREZ CORDERO,003 RENTAS,003-07 Equipo Celular,EGRESO,HOSPITAL,
CHETUMAL,9311-HOSP,31-jul-26,07 2026,2026,GASTO DE PERSONAL,"$1,294.00",$206.00,"$1,500.00",ALEJANDRO RAMIREZ CORDERO,003 RENTAS,003-09 Equipo de Computo,EGRESO,HOSPITAL,
CHETUMAL,9311-HOSP,31-jul-26,07 2026,2026,GASTO DE PERSONAL,$646.00,$104.00,$750.00,ANA VANESSA GARCIA CARBALLO,003 RENTAS,003-07 Equipo Celular,EGRESO,HOSPITAL,
CHETUMAL,9311-HOSP,31-jul-26,07 2026,2026,GASTO DE PERSONAL,"$1,294.00",$206.00,"$1,500.00",ANA VANESSA GARCIA CARBALLO,003 RENTAS,003-09 Equipo de Computo,EGRESO,HOSPITAL,
CHETUMAL,9311-HOSP,31-jul-26,07 2026,2026,GASTO DE PERSONAL,$646.00,$104.00,$750.00,ARTURO GUERRA ZUÑIGA,003 RENTAS,003-07 Equipo Celular,EGRESO,HOSPITAL,
CHETUMAL,9311-HOSP,31-jul-26,07 2026,2026,GASTO DE PERSONAL,"$1,294.00",$206.00,"$1,500.00",ARTURO GUERRA ZUÑIGA,003 RENTAS,003-09 Equipo de Computo,EGRESO,HOSPITAL,
CHETUMAL,9311-HOSP,31-jul-26,07 2026,2026,GASTO DE PERSONAL,$646.00,$104.00,$750.00,EDGAR JIMENEZ (PERSONA ISSSTE),003 RENTAS,003-07 Equipo Celular,EGRESO,HOSPITAL,
CHETUMAL,9311-HOSP,31-jul-26,07 2026,2026,GASTO DE PERSONAL,$646.00,$104.00,$750.00,EMMANUEL PACHECO PEREZ,003 RENTAS,003-07 Equipo Celular,EGRESO,HOSPITAL,
CHETUMAL,9311-HOSP,31-jul-26,07 2026,2026,GASTO DE PERSONAL,"$1,294.00",$206.00,"$1,500.00",EMMANUEL PACHECO PEREZ,003 RENTAS,003-09 Equipo de Computo,EGRESO,HOSPITAL,
CHETUMAL,9311-HOSP,31-jul-26,07 2026,2026,GASTO DE PERSONAL,$646.00,$104.00,$750.00,GILIBALDO GARCIA CASTILLO,003 RENTAS,003-07 Equipo Celular,EGRESO,HOSPITAL,
CHETUMAL,9311-HOSP,31-jul-26,07 2026,2026,GASTO DE PERSONAL,"$1,294.00",$206.00,"$1,500.00",GILIBALDO GARCIA CASTILLO,003 RENTAS,003-09 Equipo de Computo,EGRESO,HOSPITAL,
CHETUMAL,9311-HOSP,31-jul-26,07 2026,2026,GASTO DE PERSONAL,$646.00,$104.00,$750.00,ISABEL PEREZ CRUZ,003 RENTAS,003-07 Equipo Celular,EGRESO,HOSPITAL,
CHETUMAL,9311-HOSP,31-jul-26,07 2026,2026,GASTO DE PERSONAL,"$1,294.00",$206.00,"$1,500.00",ISABEL PEREZ CRUZ,003 RENTAS,003-09 Equipo de Computo,EGRESO,HOSPITAL,
CHETUMAL,9311-HOSP,31-jul-26,07 2026,2026,GASTO DE PERSONAL,$646.00,$104.00,$750.00,ISAIAS CELERINO DIAZ FÉLIX,003 RENTAS,003-07 Equipo Celular,EGRESO,HOSPITAL,
CHETUMAL,9311-HOSP,31-jul-26,07 2026,2026,GASTO DE PERSONAL,"$1,294.00",$206.00,"$1,500.00",ISAIAS CELERINO DIAZ FÉLIX,003 RENTAS,003-09 Equipo de Computo,EGRESO,HOSPITAL,
CHETUMAL,9311-HOSP,31-jul-26,07 2026,2026,GASTO DE PERSONAL,$646.00,$104.00,$750.00,JESUS LEONARDO VELAZQUEZ ROCHA ,003 RENTAS,003-07 Equipo Celular,EGRESO,HOSPITAL,
CHETUMAL,9311-HOSP,31-jul-26,07 2026,2026,GASTO DE PERSONAL,"$1,294.00",$206.00,"$1,500.00",JESUS LEONARDO VELAZQUEZ ROCHA ,003 RENTAS,003-09 Equipo de Computo,EGRESO,HOSPITAL,
CHETUMAL,9311-HOSP,31-jul-26,07 2026,2026,GASTO DE PERSONAL,$646.00,$104.00,$750.00,JORGE RUPERTO DURAN OJEDA,003 RENTAS,003-07 Equipo Celular,EGRESO,HOSPITAL,
CHETUMAL,9311-HOSP,31-jul-26,07 2026,2026,GASTO DE PERSONAL,"$1,294.00",$206.00,"$1,500.00",JORGE RUPERTO DURAN OJEDA,003 RENTAS,003-09 Equipo de Computo,EGRESO,HOSPITAL,
CHETUMAL,9311-HOSP,31-jul-26,07 2026,2026,PERSONAL RESIDENTE,$646.00,$104.00,$750.00,JORGE VIRGILIO GIL,003 RENTAS,003-07 Equipo Celular,EGRESO,HOSPITAL,
CHETUMAL,9311-HOSP,31-jul-26,07 2026,2026,PERSONAL RESIDENTE,"$1,294.00",$206.00,"$1,500.00",JORGE VIRGILIO GIL,003 RENTAS,003-09 Equipo de Computo,EGRESO,HOSPITAL,
CHETUMAL,9311-HOSP,31-jul-26,07 2026,2026,GASTO DE PERSONAL,"$1,294.00",$206.00,"$1,500.00",MONICA DE LUCERO (PERSONAL ISSSTE),003 RENTAS,003-09 Equipo de Computo,EGRESO,HOSPITAL,
CHETUMAL,9311-HOSP,31-jul-26,07 2026,2026,GASTO DE PERSONAL,"$1,294.00",$206.00,"$1,500.00",MONICA DE LUCERO (PERSONAL ISSSTE),003 RENTAS,003-09 Equipo de Computo,EGRESO,HOSPITAL,
CHETUMAL,9311-HOSP,31-jul-26,07 2026,2026,GASTO DE PERSONAL,$646.00,$104.00,$750.00,YOSELI XIX TOLEDANO,003 RENTAS,003-07 Equipo Celular,EGRESO,HOSPITAL,
CHETUMAL,9311-HOSP,31-jul-26,07 2026,2026,GASTO DE PERSONAL,"$1,294.00",$206.00,"$1,500.00",YOSELI XIX TOLEDANO,003 RENTAS,003-09 Equipo de Computo,EGRESO,HOSPITAL,
CHETUMAL,9311-HOSP,03-ago-26,08 2026,2026,GASTO DE PERSONAL,"$12,931.03","$2,068.97","$15,000.00",JORGE VIRGILIO GIL,007 SERVICIOS EXTERNOS ,007-04 Consultorias,EGRESO,HOSPITAL,
CHETUMAL,9311-HOSP,07-ago-26,08 2026,2026,GASTO OFNA DE CAMPO,"$15,000.00","$2,400.00","$17,400.00",ALICIA GABRIELA (RENTA CASA ARTURO),001 VIAJE,001-02 Hospedaje,EGRESO,HOSPITAL,
CHETUMAL,9311-HOSP,07-ago-26,08 2026,2026,GASTO OFNA DE CAMPO,"$7,800.00","$1,248.00","$9,048.00",JORGE VIRGILIO GIL- RENTA CASA OFICINA,003 RENTAS,003-02 Casetas,EGRESO,HOSPITAL,
CHETUMAL,9311-HOSP,07-ago-26,08 2026,2026,GASTO DE PERSONAL,"$8,972.70","$1,435.63","$10,408.33",ADELAIDO PASTRANA DE LA CRUZ,007 SERVICIOS EXTERNOS ,007-04 Consultorias,EGRESO,HOSPITAL,
CHETUMAL,9311-HOSP,07-ago-26,08 2026,2026,GASTO OFNA DE CAMPO,"$10,491.38","$1,678.62","$12,170.00",CLARA ADRIANA CASA RENTA PARA OFICINA,003 RENTAS,003-02 Casetas,EGRESO,HOSPITAL,
CHETUMAL,9311-HOSP,07-ago,08 2026,2026,INGRESO,"$2,734,354.66","$437,496.75","$3,171,851.41",PAGO FACTURA SAT ISSSTE ESTIMACION 09,006 INGRESO,006-01 Pago fac sup,INGRESO,HOSPITAL,
CHETUMAL,9311-HOSP,10-ago-26,08 2026,2026,GASTO DE PERSONAL,"$1,393.94",$223.03,"$1,616.97",EMMANUEL PACHECO PEREZ,004 PAGO DE SERVICIOS,004-05 Mensajeria,EGRESO,HOSPITAL,
CHETUMAL,9311-HOSP,10-ago-26,08 2026,2026,GASTO DE PERSONAL,"$1,724.14",$275.86,"$2,000.00",EMMANUEL PACHECO PEREZ,001 VIAJE,001-03 Viáticos,EGRESO,HOSPITAL,
CHETUMAL,9311-HOSP,10-ago-26,08 2026,2026,TRANSPORTE,"$9,099.83","$1,455.97","$10,555.80",CARGO DOMICILIARIO FINANCIAMIENTO VIRTUS CHETUMAL,003 RENTAS,003-10 Automovil / Camioneta,EGRESO,HOSPITAL,
CHETUMAL,9311-HOSP,11-ago-26,08 2026,2026,GASTO OFNA DE CAMPO,"$6,500.00","$1,040.00","$7,540.00",PAGO FACTURA ARGOGA (IMPRESORA),007 SERVICIOS EXTERNOS ,007-06 Mtto equipo computo,EGRESO,HOSPITAL,
CHETUMAL,9311-HOSP,18-ago-26,08 2026,2026,CAMARAS DE SEGURIDAD,"$3,053.12",$488.50,"$3,541.62",EMANUEL EBRA INFORMACION CAMARAS,007 SERVICIOS EXTERNOS ,007-04 Consultorias,EGRESO,HOSPITAL,
CHETUMAL,9311-HOSP,18-ago-26,08 2026,2026,CAMARAS DE SEGURIDAD,"$6,363.68","$1,018.19","$7,381.87",EMANUEL EBRA INFORMACION CAMARAS,007 SERVICIOS EXTERNOS ,007-04 Consultorias,EGRESO,HOSPITAL,
CHETUMAL,9311-HOSP,18-ago-26,08 2026,2026,CAMARAS DE SEGURIDAD,"$1,551.72",$248.28,"$1,800.00",EMANUEL EBRA INFORMACION CAMARAS,007 SERVICIOS EXTERNOS ,007-04 Consultorias,EGRESO,HOSPITAL,
CHETUMAL,9311-HOSP,18-ago-26,08 2026,2026,GASTO DE PERSONAL,"$12,931.03","$2,068.97","$15,000.00",JORGE VIRGILIO GIL,007 SERVICIOS EXTERNOS ,007-04 Consultorias,EGRESO,HOSPITAL,
CHETUMAL,9311-HOSP,18-ago-26,08 2026,2026,GASTO DE PERSONAL,"$10,199.14","$1,631.86","$11,831.00",ARTURO GUERRA ZUÑIGA,001 VIAJE,001-03 Viáticos,EGRESO,HOSPITAL,
CHETUMAL,9311-HOSP,24-ago-26,08 2026,2026,GASTO DE PERSONAL,"$3,490.52",$558.48,"$4,049.00",EMMANUEL PACHECO PEREZ,001 VIAJE,001-03 Viáticos,EGRESO,HOSPITAL,
CHETUMAL,9311-HOSP,24-ago-26,08 2026,2026,TRANSPORTE,"$10,289.80","$1,646.37","$11,936.17",CARGO DOMICILIARIO FINANCIAMIENTO ,003 RENTAS,003-10 Automovil / Camioneta,EGRESO,HOSPITAL,
CHETUMAL,9311-HOSP,26-ago-26,08 2026,2026,GASTO OFNA DE CAMPO,"$1,400.00",$224.00,"$1,624.00",PAGO FACTURA BURMESTER TONERS ISSSTE,003 COMPRAS,003-06 Papelería,EGRESO,HOSPITAL,
CHETUMAL,9311-HOSP,28-ago-26,08 2026,2026,GASTO DE PERSONAL,$680.17,$108.83,$789.00,EMMANUEL PACHECO PEREZ,001 VIAJE,001-03 Viáticos,EGRESO,HOSPITAL,
CHETUMAL,9311-HOSP,28-ago-26,08 2026,2026,GASTO DE PERSONAL,"$6,034.48",$965.52,"$7,000.00",ADELAIDO PASTRANA DE LA CRUZ,007 SERVICIOS EXTERNOS ,007-04 Consultorias,EGRESO,HOSPITAL,
CHETUMAL,9311-HOSP,28-ago-26,08 2026,2026,GASTO DE PERSONAL,"$12,931.03","$2,068.97","$15,000.00",JORGE VIRGILIO GIL,007 SERVICIOS EXTERNOS ,007-04 Consultorias,EGRESO,HOSPITAL,
CHETUMAL,9311-HOSP,28-ago-26,08 2026,2026,GASTO OFNA DE CAMPO,"$7,800.00","$1,248.00","$9,048.00",JORGE VIRGILIO GIL- RENTA CASA OFICINA,003 RENTAS,003-02 Casetas,EGRESO,HOSPITAL,
CHETUMAL,9311-HOSP,28-ago-26,08 2026,2026,GASTO DE PERSONAL,"$11,313.79","$1,810.21","$13,124.00",ARTURO GUERRA ZUÑIGA,001 VIAJE,001-03 Viáticos,EGRESO,HOSPITAL,
CHETUMAL,9311-HOSP,28-ago-26,08 2026,2026,GASTO DE PERSONAL,"$7,241.38","$1,158.62","$8,400.00",PAGO FACTURA LEONARDO,001 VIAJE,001-03 Viáticos,EGRESO,HOSPITAL,
CHETUMAL,9311-HOSP,30-ago-26,08 2026,2026,GASTO DE PERSONAL,"$3,052.59",$488.41,"$3,541.00",OFFICE DEPOT,003 COMPRAS,003-06 Papelería,EGRESO,HOSPITAL,
CHETUMAL,9311-HOSP,30-ago-26,08 2026,2026,GASTO DE PERSONAL,"$2,169.83",$347.17,"$2,517.00",OFFICE DEPOT,003 COMPRAS,003-06 Papelería,EGRESO,HOSPITAL,
CHETUMAL,9311-HOSP,30-ago-26,08 2026,2026,GASTO DE PERSONAL,"$16,390.46","$2,622.47","$19,012.93",AIR BNB PESONAL DEL ISSSTE,001 VIAJE,001-02 Hospedaje,EGRESO,HOSPITAL,
CHETUMAL,9311-HOSP,30-ago-26,08 2026,2026,GASTO DE PERSONAL,$497.41,$79.59,"$5,233.34",VIVA AEROBUS (ARTURO),001 VIAJE,001-01 Pasajes de Avion,EGRESO,HOSPITAL,
CHETUMAL,9311-HOSP,30-ago-26,08 2026,2026,GASTO DE PERSONAL,$336.21,$53.79,$977.73,DHL,004 PAGO DE SERVICIOS,004-05 Mensajeria,EGRESO,HOSPITAL,
CHETUMAL,9311-HOSP,30-ago-26,08 2026,2026,GASTO DE PERSONAL,$137.90,$22.06,"$2,366.99",OFFICE MAX,003 COMPRAS,003-06 Papelería,EGRESO,HOSPITAL,
CHETUMAL,9311-HOSP,30-ago-26,08 2026,2026,GASTO DE PERSONAL,$232.76,$37.24,"$6,257.35",VIVA AEROBUS (LEO),001 VIAJE,001-01 Pasajes de Avion,EGRESO,HOSPITAL,
CHETUMAL,9311-HOSP,30-ago-26,08 2026,2026,TRANSPORTE,"$2,279.59",$364.74,"$2,644.33",CAVI (IAVE),006 AUTOS,006-2 Peajes,EGRESO,HOSPITAL,
CHETUMAL,9311-HOSP,30-ago-26,07 2026,2026,GASTO DE PERSONAL,$986.00,$157.76,"$1,143.76",STARLINK,004 PAGO DE SERVICIOS,004-04 Internet,EGRESO,HOSPITAL,
CHETUMAL,9311-HOSP,31-ago-26,08 2026,2026,GASTO DE PERSONAL,"$5,883.00",$941.28,"$6,824.28",ALEJANDRO RAMIREZ CORDERO,002 NOMINA,002-01 Asimilados,EGRESO,HOSPITAL,
CHETUMAL,9311-HOSP,31-ago-26,08 2026,2026,GASTO DE PERSONAL,"$11,141.89",,"$11,141.89",ALEJANDRO RAMIREZ CORDERO,002 NOMINA,002-02 DDP,EGRESO,HOSPITAL,
CHETUMAL,9311-HOSP,31-ago-26,08 2026,2026,GASTO DE PERSONAL,"$11,141.89",,"$11,141.89",ANA VANESSA GARCIA CARBALLO,002 NOMINA,002-02 DDP,EGRESO,HOSPITAL,
CHETUMAL,9311-HOSP,31-ago-26,08 2026,2026,GASTO DE PERSONAL,"$4,823.00",$771.68,"$5,594.68",ANA VANESSA GARCIA CARBALLO,002 NOMINA,002-01 Asimilados,EGRESO,HOSPITAL,
CHETUMAL,9311-HOSP,31-ago-26,08 2026,2026,GASTO DE PERSONAL,"$8,913.51",,"$8,913.51",ARTURO GUERRA ZUÑIGA,002 NOMINA,002-02 DDP,EGRESO,HOSPITAL,
CHETUMAL,9311-HOSP,31-ago-26,08 2026,2026,GASTO DE PERSONAL,"$23,911.20","$3,825.79","$27,736.99",ARTURO GUERRA ZUÑIGA,002 NOMINA,002-01 Asimilados,EGRESO,HOSPITAL,
CHETUMAL,9311-HOSP,31-ago-26,08 2026,2026,GASTO DE PERSONAL,"$8,913.51",,"$8,913.51",EMMANUEL PACHECO PEREZ,002 NOMINA,002-02 DDP,EGRESO,HOSPITAL,
CHETUMAL,9311-HOSP,31-ago-26,08 2026,2026,GASTO DE PERSONAL,"$10,169.64","$1,627.14","$11,796.78",EMMANUEL PACHECO PEREZ,002 NOMINA,002-01 Asimilados,EGRESO,HOSPITAL,
CHETUMAL,9311-HOSP,31-ago-26,08 2026,2026,GASTO DE PERSONAL,"$11,141.89",,"$11,141.89",GILIBALDO GARCIA CASTILLO,002 NOMINA,002-02 DDP,EGRESO,HOSPITAL,
CHETUMAL,9311-HOSP,31-ago-26,08 2026,2026,GASTO DE PERSONAL,"$13,886.00","$2,221.76","$16,107.76",GILIBALDO GARCIA CASTILLO,002 NOMINA,002-01 Asimilados,EGRESO,HOSPITAL,
CHETUMAL,9311-HOSP,31-ago-26,08 2026,2026,GASTO DE PERSONAL,"$11,141.89",,"$11,141.89",ISABEL PEREZ CRUZ,002 NOMINA,002-02 DDP,EGRESO,HOSPITAL,
CHETUMAL,9311-HOSP,31-ago-26,08 2026,2026,GASTO DE PERSONAL,"$5,883.00",$941.28,"$6,824.28",ISABEL PEREZ CRUZ,002 NOMINA,002-01 Asimilados,EGRESO,HOSPITAL,
CHETUMAL,9311-HOSP,31-ago-26,08 2026,2026,GASTO DE PERSONAL,"$11,141.89",,"$11,141.89",ISAIAS CELERINO DIAZ FÉLIX,002 NOMINA,002-02 DDP,EGRESO,HOSPITAL,
CHETUMAL,9311-HOSP,31-ago-26,08 2026,2026,GASTO DE PERSONAL,"$10,801.40","$1,728.22","$12,529.62",ISAIAS CELERINO DIAZ FÉLIX,002 NOMINA,002-01 Asimilados,EGRESO,HOSPITAL,
CHETUMAL,9311-HOSP,31-ago-26,08 2026,2026,BIOMEDICO,"$11,141.89",,"$11,141.89",IVAN CARRILLO PAUL,002 NOMINA,002-02 DDP,EGRESO,HOSPITAL,
CHETUMAL,9311-HOSP,31-ago-26,08 2026,2026,BIOMEDICO,"$22,366.00","$21,100.00","$25,944.56",IVAN CARRILLO PAUL,002 NOMINA,002-01 Asimilados,EGRESO,HOSPITAL,
CHETUMAL,9311-HOSP,31-ago-26,08 2026,2026,GASTO DE PERSONAL,"$8,913.51",,"$8,913.51",JESUS LEONARDO VELAZQUEZ ROCHA ,002 NOMINA,002-02 DDP,EGRESO,HOSPITAL,
CHETUMAL,9311-HOSP,31-ago-26,08 2026,2026,GASTO DE PERSONAL,"$12,168.80","$1,947.01","$14,115.81",JESUS LEONARDO VELAZQUEZ ROCHA ,002 NOMINA,002-01 Asimilados,EGRESO,HOSPITAL,
CHETUMAL,9311-HOSP,31-ago-26,08 2026,2026,GASTO DE PERSONAL,"$11,141.89",,"$11,141.89",JORGE RUPERTO DURAN OJEDA,002 NOMINA,002-02 DDP,EGRESO,HOSPITAL,
CHETUMAL,9311-HOSP,31-ago-26,08 2026,2026,GASTO DE PERSONAL,"$9,646.00","$1,543.36","$11,189.36",JORGE RUPERTO DURAN OJEDA,002 NOMINA,002-01 Asimilados,EGRESO,HOSPITAL,
CHETUMAL,9311-HOSP,31-ago-26,08 2026,2026,GASTO DE PERSONAL,"$11,141.89",,"$11,141.89",YOSELI XIX TOLEDANO,002 NOMINA,002-02 DDP,EGRESO,HOSPITAL,
CHETUMAL,9311-HOSP,31-ago-26,08 2026,2026,GASTO DE PERSONAL,"$9,646.00","$1,543.36","$11,189.36",YOSELI XIX TOLEDANO,002 NOMINA,002-01 Asimilados,EGRESO,HOSPITAL,
CHETUMAL,9311-HOSP,31-ago-26,08 2026,2026,GASTO DE PERSONAL,"$11,140.71",,"$11,140.71",DANIEL AARON HERNANDEZ CANTON,002 NOMINA,002-02 DDP,EGRESO,HOSPITAL,
CHETUMAL,9311-HOSP,31-ago-26,08 2026,2026,GASTO DE PERSONAL,"$16,101.40","$2,576.22","$18,677.62",DANIEL AARON HERNANDEZ CANTON,002 NOMINA,002-01 Asimilados,EGRESO,HOSPITAL,
CHETUMAL,9311-HOSP,31-ago-26,08 2026,2026,GASTO DE PERSONAL,"$11,140.71",,"$11,140.71",IRLIAN UREÑA KU,002 NOMINA,002-02 DDP,EGRESO,HOSPITAL,
CHETUMAL,9311-HOSP,31-ago-26,08 2026,2026,GASTO DE PERSONAL,"$8,681.40","$8,190.00","$10,070.42",IRLIAN UREÑA KU,002 NOMINA,002-01 Asimilados,EGRESO,HOSPITAL,
CHETUMAL,9311-HOSP,31-ago-26,08 2026,2026,GASTO DE PERSONAL,"$11,140.71",,"$11,140.71",DIGO ARMANDO NOVELO ANTUNEZ,002 NOMINA,002-02 DDP,EGRESO,HOSPITAL,
CHETUMAL,9311-HOSP,31-ago-26,08 2026,2026,GASTO DE PERSONAL,"$8,681.40","$8,190.00","$10,070.42",DIGO ARMANDO NOVELO ANTUNEZ,002 NOMINA,002-01 Asimilados,EGRESO,HOSPITAL,
CHETUMAL,9311-HOSP,31-ago-26,08 2026,2026,GASTO DE PERSONAL,"$11,140.71",,"$11,140.71",ADRIAN AMILCAR SIBAJA MONTALVO,002 NOMINA,002-02 DDP,EGRESO,HOSPITAL,
CHETUMAL,9311-HOSP,31-ago-26,08 2026,2026,GASTO DE PERSONAL,"$10,801.40","$10,190.00","$12,529.62",ADRIAN AMILCAR SIBAJA MONTALVO,002 NOMINA,002-01 Asimilados,EGRESO,HOSPITAL,
CHETUMAL,9311-HOSP,31-ago-26,08 2026,2026,GASTO DE PERSONAL,"$11,140.71",,"$11,140.71",ORLANDO ABIMAEL TEC CHAN,002 NOMINA,002-02 DDP,EGRESO,HOSPITAL,
CHETUMAL,9311-HOSP,31-ago-26,08 2026,2026,GASTO DE PERSONAL,"$10,801.40","$10,190.00","$12,529.62",ORLANDO ABIMAEL TEC CHAN,002 NOMINA,002-01 Asimilados,EGRESO,HOSPITAL,
CHETUMAL,9311-HOSP,31-ago-26,08 2026,2026,GASTO DE PERSONAL,$646.00,$104.00,$750.00,DANIEL AARON HERNANDEZ CANTON,003 RENTAS,003-07 Equipo Celular,EGRESO,HOSPITAL,
CHETUMAL,9311-HOSP,31-ago-26,08 2026,2026,GASTO DE PERSONAL,"$1,294.00",$206.00,"$1,500.00",DANIEL AARON HERNANDEZ CANTON,003 RENTAS,003-09 Equipo de Computo,EGRESO,HOSPITAL,
CHETUMAL,9311-HOSP,31-ago-26,08 2026,2026,GASTO DE PERSONAL,$646.00,$104.00,$750.00,AARON DE AQUINO (PERSONAL ISSSTE),003 RENTAS,003-07 Equipo Celular,EGRESO,HOSPITAL,
CHETUMAL,9311-HOSP,31-ago-26,08 2026,2026,GASTO DE PERSONAL,$646.00,$104.00,$750.00,AARON DE AQUINO (PERSONAL ISSSTE),003 RENTAS,003-07 Equipo Celular,EGRESO,HOSPITAL,
CHETUMAL,9311-HOSP,31-ago-26,08 2026,2026,GASTO DE PERSONAL,$646.00,$104.00,$750.00,ALEJANDRO RAMIREZ CORDERO,003 RENTAS,003-07 Equipo Celular,EGRESO,HOSPITAL,
CHETUMAL,9311-HOSP,31-ago-26,08 2026,2026,GASTO DE PERSONAL,"$1,294.00",$206.00,"$1,500.00",ALEJANDRO RAMIREZ CORDERO,003 RENTAS,003-09 Equipo de Computo,EGRESO,HOSPITAL,
CHETUMAL,9311-HOSP,31-ago-26,08 2026,2026,GASTO DE PERSONAL,$646.00,$104.00,$750.00,ANA VANESSA GARCIA CARBALLO,003 RENTAS,003-07 Equipo Celular,EGRESO,HOSPITAL,
CHETUMAL,9311-HOSP,31-ago-26,08 2026,2026,GASTO DE PERSONAL,"$1,294.00",$206.00,"$1,500.00",ANA VANESSA GARCIA CARBALLO,003 RENTAS,003-09 Equipo de Computo,EGRESO,HOSPITAL,
CHETUMAL,9311-HOSP,31-ago-26,08 2026,2026,GASTO DE PERSONAL,$646.00,$104.00,$750.00,ARTURO GUERRA ZUÑIGA,003 RENTAS,003-07 Equipo Celular,EGRESO,HOSPITAL,
CHETUMAL,9311-HOSP,31-ago-26,08 2026,2026,GASTO DE PERSONAL,"$1,294.00",$206.00,"$1,500.00",ARTURO GUERRA ZUÑIGA,003 RENTAS,003-09 Equipo de Computo,EGRESO,HOSPITAL,
CHETUMAL,9311-HOSP,31-ago-26,08 2026,2026,GASTO DE PERSONAL,$646.00,$104.00,$750.00,EDGAR JIMENEZ (PERSONA ISSSTE),003 RENTAS,003-07 Equipo Celular,EGRESO,HOSPITAL,
CHETUMAL,9311-HOSP,31-ago-26,08 2026,2026,GASTO DE PERSONAL,$646.00,$104.00,$750.00,EMMANUEL PACHECO PEREZ,003 RENTAS,003-07 Equipo Celular,EGRESO,HOSPITAL,
CHETUMAL,9311-HOSP,31-ago-26,08 2026,2026,GASTO DE PERSONAL,"$1,294.00",$206.00,"$1,500.00",EMMANUEL PACHECO PEREZ,003 RENTAS,003-09 Equipo de Computo,EGRESO,HOSPITAL,
CHETUMAL,9311-HOSP,31-ago-26,08 2026,2026,GASTO DE PERSONAL,$646.00,$104.00,$750.00,GILIBALDO GARCIA CASTILLO,003 RENTAS,003-07 Equipo Celular,EGRESO,HOSPITAL,
CHETUMAL,9311-HOSP,31-ago-26,08 2026,2026,GASTO DE PERSONAL,"$1,294.00",$206.00,"$1,500.00",GILIBALDO GARCIA CASTILLO,003 RENTAS,003-09 Equipo de Computo,EGRESO,HOSPITAL,
CHETUMAL,9311-HOSP,31-ago-26,08 2026,2026,GASTO DE PERSONAL,$646.00,$104.00,$750.00,ISABEL PEREZ CRUZ,003 RENTAS,003-07 Equipo Celular,EGRESO,HOSPITAL,
CHETUMAL,9311-HOSP,31-ago-26,08 2026,2026,GASTO DE PERSONAL,"$1,294.00",$206.00,"$1,500.00",ISABEL PEREZ CRUZ,003 RENTAS,003-09 Equipo de Computo,EGRESO,HOSPITAL,
CHETUMAL,9311-HOSP,31-ago-26,08 2026,2026,GASTO DE PERSONAL,$646.00,$104.00,$750.00,ISAIAS CELERINO DIAZ FÉLIX,003 RENTAS,003-07 Equipo Celular,EGRESO,HOSPITAL,
CHETUMAL,9311-HOSP,31-ago-26,08 2026,2026,GASTO DE PERSONAL,"$1,294.00",$206.00,"$1,500.00",ISAIAS CELERINO DIAZ FÉLIX,003 RENTAS,003-09 Equipo de Computo,EGRESO,HOSPITAL,
CHETUMAL,9311-HOSP,31-ago-26,08 2026,2026,GASTO DE PERSONAL,$646.00,$104.00,$750.00,JESUS LEONARDO VELAZQUEZ ROCHA ,003 RENTAS,003-07 Equipo Celular,EGRESO,HOSPITAL,
CHETUMAL,9311-HOSP,31-ago-26,08 2026,2026,GASTO DE PERSONAL,"$1,294.00",$206.00,"$1,500.00",JESUS LEONARDO VELAZQUEZ ROCHA ,003 RENTAS,003-09 Equipo de Computo,EGRESO,HOSPITAL,
CHETUMAL,9311-HOSP,31-ago-26,08 2026,2026,GASTO DE PERSONAL,$646.00,$104.00,$750.00,JORGE RUPERTO DURAN OJEDA,003 RENTAS,003-07 Equipo Celular,EGRESO,HOSPITAL,
CHETUMAL,9311-HOSP,31-ago-26,08 2026,2026,GASTO DE PERSONAL,"$1,294.00",$206.00,"$1,500.00",JORGE RUPERTO DURAN OJEDA,003 RENTAS,003-09 Equipo de Computo,EGRESO,HOSPITAL,
CHETUMAL,9311-HOSP,31-ago-26,08 2026,2026,PERSONAL RESIDENTE,$646.00,$104.00,$750.00,JORGE VIRGILIO GIL,003 RENTAS,003-07 Equipo Celular,EGRESO,HOSPITAL,
CHETUMAL,9311-HOSP,31-ago-26,08 2026,2026,PERSONAL RESIDENTE,"$1,294.00",$206.00,"$1,500.00",JORGE VIRGILIO GIL,003 RENTAS,003-09 Equipo de Computo,EGRESO,HOSPITAL,
CHETUMAL,9311-HOSP,31-ago-26,08 2026,2026,GASTO DE PERSONAL,"$1,294.00",$206.00,"$1,500.00",MONICA DE LUCERO (PERSONAL ISSSTE),003 RENTAS,003-09 Equipo de Computo,EGRESO,HOSPITAL,
CHETUMAL,9311-HOSP,31-ago-26,08 2026,2026,GASTO DE PERSONAL,"$1,294.00",$206.00,"$1,500.00",MONICA DE LUCERO (PERSONAL ISSSTE),003 RENTAS,003-09 Equipo de Computo,EGRESO,HOSPITAL,
CHETUMAL,9311-HOSP,31-ago-26,08 2026,2026,GASTO DE PERSONAL,$646.00,$104.00,$750.00,YOSELI XIX TOLEDANO,003 RENTAS,003-07 Equipo Celular,EGRESO,HOSPITAL,
CHETUMAL,9311-HOSP,31-ago-26,08 2026,2026,GASTO DE PERSONAL,"$1,294.00",$206.00,"$1,500.00",YOSELI XIX TOLEDANO,003 RENTAS,003-09 Equipo de Computo,EGRESO,HOSPITAL,
CHETUMAL,9311-HOSP,31-ago-26,08 2026,2026,GASTO DE PERSONAL,$646.00,$104.00,$750.00,IRLIAN UREÑA KU,003 RENTAS,003-07 Equipo Celular,EGRESO,HOSPITAL,
CHETUMAL,9311-HOSP,31-ago-26,08 2026,2026,GASTO DE PERSONAL,"$1,294.00",$206.00,"$1,500.00",IRLIAN UREÑA KU,003 RENTAS,003-09 Equipo de Computo,EGRESO,HOSPITAL,
CHETUMAL,9311-HOSP,31-ago-26,08 2026,2026,GASTO DE PERSONAL,$646.00,$104.00,$750.00,DIGO ARMANDO NOVELO ANTUNEZ,003 RENTAS,003-07 Equipo Celular,EGRESO,HOSPITAL,
CHETUMAL,9311-HOSP,31-ago-26,08 2026,2026,GASTO DE PERSONAL,"$1,294.00",$206.00,"$1,500.00",DIGO ARMANDO NOVELO ANTUNEZ,003 RENTAS,003-09 Equipo de Computo,EGRESO,HOSPITAL,
CHETUMAL,9311-HOSP,31-ago-26,08 2026,2026,GASTO DE PERSONAL,$646.00,$104.00,$750.00,ADRIAN AMILCAR SIBAJA MONTALVO,003 RENTAS,003-07 Equipo Celular,EGRESO,HOSPITAL,
CHETUMAL,9311-HOSP,31-ago-26,08 2026,2026,GASTO DE PERSONAL,"$1,294.00",$206.00,"$1,500.00",ADRIAN AMILCAR SIBAJA MONTALVO,003 RENTAS,003-09 Equipo de Computo,EGRESO,HOSPITAL,
CHETUMAL,9311-HOSP,31-ago-26,08 2026,2026,GASTO DE PERSONAL,$646.00,$104.00,$750.00,ORLANDO ABIMAEL TEC CHAN,003 RENTAS,003-07 Equipo Celular,EGRESO,HOSPITAL,
CHETUMAL,9311-HOSP,31-ago-26,08 2026,2026,GASTO DE PERSONAL,"$1,294.00",$206.00,"$1,500.00",ORLANDO ABIMAEL TEC CHAN,003 RENTAS,003-09 Equipo de Computo,EGRESO,HOSPITAL,
CHETUMAL,9311-HOSP,31-ago-26,08 2026,2026,TRANSPORTE,"$7,779.29","$1,244.69","$9,023.98",EFECTIVALE,006 AUTOS,006-01 Combustible,EGRESO,HOSPITAL,
